total_usage,pca_pred
661,40.144046651051525
244,439.8788888888889
180,524.6400000000001
511,524.6400000000001
361.5,249.74583333333334
517,609.9029938226497
1391,609.9029938226497
1057,598.0408333333334
316,609.9029938226497
710,609.9029938226497
241.5,382.91125
281,609.9029938226497
1441,604.5528571428573
267,604.5528571428573
455,529.4551322043969
2018.5,311.2470261437909
249,234.58869408369407
43,70.99999999999999
36.5,59.85520833333334
973,68.18660861199992
479,38.07299686114192
206,451.0083333333335
166.5,366.6072222222223
731,451.0083333333335
555.5,366.6072222222223
273,529.4551322043969
264,226.685
398.5,205.78000000000003
707,361.47356303418803
116.5,361.47356303418803
52,361.47356303418803
66,361.47356303418803
162.5,45.885000000000005
660,53.348571428571425
761,264.23
195,38.694790200008796
169.5,40.19664489921844
79,38.694790200008796
125,40.19664489921844
42.5,40.19664489921844
1392.5,170.4039285714286
214,178.56800420813306
309,709.1999999999999
198.5,182.3015178571429
115,182.3015178571429
112,111.34704140062836
98,59.49327837195485
76,59.49327837195485
52.5,18.844637966232874
43,59.49327837195485
323,44.62850857524126
173,67.1878751658193
140.5,138.47291666666666
203,22.708400627150628
217,22.708400627150628
73.5,22.708400627150628
55,67.1878751658193
681,284.2725335775336
800,284.2725335775336
34,41.736666666666665
81,61.379230769230766
398,407.1583333333334
411,477.79499999999996
217,215.57666666666665
91.5,107.22166666666666
19,93.67
42.5,16.5225
35,77.56500000000001
0,4.530995101389841
0,4.530995101389841
1,1.9915764790764796
2,1.9915764790764796
0,1.9915764790764796
3,1.9915764790764796
0,0.7715151515151568
8,0.7355844155844167
3,5.146428571428574
41,27.983333333333338
11,19.485332195378156
11,22.812578393828396
38.5,47.10583333333334
227,309.59833333333336
115,78.375
405,350.9
175,257.435
35,66.0666865693646
150,102.79268329006796
26.5,66.0666865693646
343,102.79268329006796
43,102.79268329006796
74,102.79268329006796
68,102.79268329006796
25.5,66.0666865693646
123,66.0666865693646
41,102.79268329006796
34,66.0666865693646
93,102.79268329006796
62.5,66.0666865693646
133,89.17530334066518
123.5,89.17530334066518
138,102.79268329006796
63,102.79268329006796
77,89.17530334066518
78.5,89.17530334066518
76,102.79268329006796
37.5,66.0666865693646
72,102.79268329006796
56,66.0666865693646
44,75.69500000000001
23,42.01721577220381
203,50.13333333333333
168,288.24666666666667
116,376.57166666666666
30,75.35666666666665
27,75.35666666666665
41,10.493939393939394
27.5,29.293333333333333
72,10.493939393939394
40,85.36362755476746
7.5,12.823813299449085
28,85.36362755476746
11.5,12.823813299449085
157,85.36362755476746
12.5,12.823813299449085
7,12.823813299449085
4,85.36362755476746
2.5,12.823813299449085
11,7.943333333333333
9,85.36362755476746
18.5,12.823813299449085
7,85.36362755476746
15,85.36362755476746
5,53.70056561085973
14.5,12.823813299449085
3,439.8788888888889
1.5,12.823813299449085
68.5,16.5225
146,86.95
82,104.5975
18,16.10333333333333
46,184.7866666666667
5.5,17.772050166161062
40,53.70056561085973
19,53.70056561085973
37,29.698525151911504
28.5,17.772050166161062
20,29.698525151911504
6,17.772050166161062
42,17.772050166161062
51,29.698525151911504
12,17.772050166161062
9,29.698525151911504
24,20.878333333333334
9,29.698525151911504
8,29.698525151911504
45,29.698525151911504
38.5,17.772050166161062
27,17.772050166161062
24,17.772050166161062
17.5,17.772050166161062
38,29.698525151911504
153,73.42999999999999
116.5,36.62416666666667
94,73.42999999999999
52,73.42999999999999
25,234.58869408369407
166,288.24666666666667
135.5,13.61761904761905
39,41.467499999999994
135,32.53677375799818
85,31.49919762400873
102,126.19420634920637
72,97.33
22,126.19420634920637
16.5,97.33
155,97.33
17.5,31.49919762400873
47,32.53677375799818
25,32.53677375799818
19,31.49919762400873
22.5,31.49919762400873
9,31.49919762400873
3.5,31.49919762400873
3.5,35.5852380952381
64,32.53677375799818
42,18.885952380952382
27,28.278741705694586
6,2.4750000000000005
0,24.41567126213588
0.5,2.4750000000000005
1,24.41567126213588
2,170.4039285714286
5,9.250757575757575
0.5,9.250757575757575
12,10.131904761904764
5,10.131904761904764
6,70.99999999999999
77,128.8070437287248
95,28.51
2,14.499166666666667
5,14.499166666666667
2.5,9.43875
8,14.499166666666667
31,12.583647186147186
21,12.583647186147186
21,19.09952380952381
25,19.09952380952381
88,59.50214285714286
120,27.15
84.5,164.68876262626264
17.5,164.68876262626264
26,48.30083333333334
60.5,48.30083333333334
294,282.7460784313725
128,42.885505612808245
37,25.593642099356014
72,42.885505612808245
49.5,25.593642099356014
55,42.885505612808245
40.5,25.593642099356014
44,42.885505612808245
36.5,25.593642099356014
44,42.885505612808245
27,25.593642099356014
57,42.885505612808245
47,25.593642099356014
39.5,19.96666666666667
39,36.63
30.5,19.96666666666667
15.5,45.880119047619054
48,34.735
22.5,21.893333333333334
10,21.893333333333334
7,21.893333333333334
93.5,14.072825422341674
15.5,14.072825422341674
11,26.94150287054034
9,14.072825422341674
23,26.94150287054034
14.5,95.37555555555556
41,62.27
16,38.694790200008796
12,50.75666666666667
362,226.52523809523808
134.5,68.21000000000001
25,226.52523809523808
36.5,92.94250000000001
117,158.08333333333331
46.5,92.94250000000001
41,38.07299686114192
22,8.996372332507892
11,8.996372332507892
60,38.07299686114192
31,38.07299686114192
3,38.07299686114192
21,38.07299686114192
1.5,8.996372332507892
23,10.959999999999999
287,83.46380952380953
117,20.605833333333333
18,34.309144558172115
88,34.309144558172115
17,31.49919762400873
240,34.309144558172115
44,34.309144558172115
4.5,17.772050166161062
4,31.23640894520521
2,17.772050166161062
16.5,9.84
3,9.84
16,17.772050166161062
4,31.23640894520521
10,23.59095238095238
12,23.59095238095238
22,23.59095238095238
7,17.772050166161062
6,31.23640894520521
2.5,17.772050166161062
16,31.23640894520521
9,17.772050166161062
1,17.772050166161062
2,31.23640894520521
267,38.741904761904756
10.5,25.593642099356014
5,21.25297509115378
50,43.02608585858586
5.5,25.593642099356014
5.5,25.593642099356014
20,15.091197691197692
10,9.84
10.5,25.593642099356014
33,25.593642099356014
6,21.25297509115378
25.5,25.593642099356014
18,38.07299686114192
5.5,25.593642099356014
38,38.07299686114192
55,38.07299686114192
37,25.593642099356014
47.5,250.07583333333332
6.5,16.5225
2.5,1.2429866480456142
1,1.2429866480456142
1.5,1.2429866480456142
5,4.1686311376278695
1,4.1686311376278695
1.5,1.2429866480456142
1,4.1686311376278695
4,4.1686311376278695
80,156.98285714285714
1,4.1686311376278695
0,4.1686311376278695
0,1.2429866480456142
1,4.1686311376278695
0,1.2429866480456142
0,4.1686311376278695
0,1.2429866480456142
0,0.33960678210678275
0,0.33960678210678275
1.5,2.3834523809523818
21,18.7368253968254
3.5,18.7368253968254
5,10.493939393939394
1.5,18.7368253968254
0.5,18.7368253968254
48,257.86333333333334
10,7.926666666666667
1,7.926666666666667
9,13.285584415584418
8,4.613333333333334
1,2.5888095238095246
8,4.613333333333334
3.5,9.496666666666666
5,19.51547619047619
9,4.252142857142859
2,4.252142857142859
0,1.8739812134124967
1,4.252142857142859
1,4.252142857142859
1.5,1.8739812134124967
1,1.8739812134124967
3,4.252142857142859
2,7.2997751152356525
13,7.2997751152356525
4,1.8739812134124967
2,1.8739812134124967
1.5,1.8739812134124967
5,7.2997751152356525
2,1.8739812134124967
11,7.2997751152356525
6,1.8739812134124967
1.5,1.8739812134124967
10,7.2997751152356525
2,7.2997751152356525
2.5,0.6217857142857145
32,102.47678571428574
148,102.47678571428574
0,1.9291739381899702
1,1.9291739381899702
1,1.9291739381899702
0,1.9291739381899702
0,1.9291739381899702
0,1.9291739381899702
1,2.5516905085260975
0,2.5516905085260975
0,2.5516905085260975
0,2.5516905085260975
0,2.5516905085260975
0,2.5516905085260975
0,2.5516905085260975
0,0.08439027090870148
1,0.08439027090870148
339,115.60666666666665
11,26.911196236559142
14.5,26.911196236559142
19,32.913787258718294
15,32.913787258718294
18,32.913787258718294
9,26.911196236559142
111,32.913787258718294
7,26.911196236559142
54,22.347186147186143
77,223.28249999999997
163,83.46380952380953
10.5,12.554415741447716
2,284.2725335775336
1,12.554415741447716
7.5,16.96607142857143
2,12.554415741447716
21,111.34704140062836
5.5,16.96607142857143
28,6.597499999999999
21,21.311489684228818
69,158.56
19,158.56
16.5,104.82119047619048
16,1.441666666666667
1,28.17833333333333
34,41.053095238095246
24.5,22.812578393828396
5,22.812578393828396
38.5,22.812578393828396
13,20.54154761904762
257,223.28249999999997
57,67.17621212121212
25.5,30.89821428571429
15,30.89821428571429
43.5,12.554415741447716
23,17.82529330572809
26,17.82529330572809
18,12.554415741447716
11,17.82529330572809
4,17.82529330572809
2,12.554415741447716
4,12.554415741447716
2,17.82529330572809
120,99.34761904761905
39,32.99761626425305
35,29.408479394169046
29,29.408479394169046
8,29.408479394169046
5.5,32.99761626425305
69,29.408479394169046
36,29.408479394169046
4,32.99761626425305
22.5,32.99761626425305
3.5,32.99761626425305
22.5,32.99761626425305
22.5,32.99761626425305
45,67.1878751658193
39,32.99761626425305
91,67.1878751658193
36,67.1878751658193
30.5,32.99761626425305
15,67.1878751658193
25,32.99761626425305
36,67.1878751658193
161,67.1878751658193
35,67.1878751658193
28,67.1878751658193
614,1017.6157142857143
26,193.58333333333331
6.5,17.085911989627157
26.5,17.085911989627157
12,17.085911989627157
9,17.085911989627157
85,21.41865079365079
7,45.10422702554514
6,45.10422702554514
9,37.18932202999136
10,45.10422702554514
14,45.10422702554514
10.5,37.18932202999136
3,45.10422702554514
21.5,37.18932202999136
30.5,37.18932202999136
52,45.10422702554514
96,45.10422702554514
117,45.10422702554514
126.5,8.079801766860593
87,16.01666666666667
134,50.75666666666667
1,4.599951573806678
0,0.3430389055389099
0,4.599951573806678
0,4.599951573806678
0,4.599951573806678
0,0.3430389055389099
59,9.827756184829177
1,9.827756184829177
3,9.827756184829177
12,9.827756184829177
11,9.827756184829177
7.5,3.3527378542510187
1,3.3527378542510187
16,2.4351554001554025
156,38.790000000000006
66,52.71705086580086
343,153.04000000000002
165,140.08
310,29.773333333333333
34,16.059019523360377
26.5,16.059019523360377
12,16.059019523360377
12,45.10422702554514
1.5,16.059019523360377
0,7.747999887539365
1,7.747999887539365
1,7.747999887539365
1,16.059019523360377
2,7.747999887539365
8,14.568829365079363
4,14.568829365079363
2,16.059019523360377
6,16.059019523360377
16,14.568829365079363
8,16.059019523360377
6,16.059019523360377
14,16.059019523360377
27,14.568829365079363
21,16.059019523360377
2,14.568829365079363
3,16.059019523360377
6,66.9452380952381
4,4.101176470588238
26,1.6873015873015897
3,9.742610983787454
0,9.742610983787454
1,1.6873015873015897
2,0.064931381312201
0,0.08439027090870148
0.5,0.08439027090870148
0,0.08439027090870148
0,0.064931381312201
0,0.08439027090870148
0,0.064931381312201
0,0.064931381312201
0,0.08439027090870148
0,1.3023049419116497
0,2.3732922291074616
1,1.3023049419116497
1,1.3023049419116497
1,1.3023049419116497
1,1.3023049419116497
0.5,1.3023049419116497
3,2.3732922291074616
0,1.3023049419116497
0,2.3732922291074616
0,1.3023049419116497
1,2.3732922291074616
0,1.3023049419116497
2,2.3732922291074616
0.5,1.3023049419116497
5,1.3023049419116497
3,2.3732922291074616
2.5,1.3023049419116497
0,2.3732922291074616
5.5,5.659480519480519
6,5.659480519480519
3.5,3.4904792429792466
9,11.798561113683599
11,11.798561113683599
8,11.798561113683599
1.5,2.8643312494479574
4,2.8643312494479574
10,11.798561113683599
4,2.8643312494479574
3.5,2.8643312494479574
59,73.42999999999999
40,38.741904761904756
32.5,98.82249999999999
14,11.798561113683599
8,11.798561113683599
16,14.13441923753553
31.5,9.587028176501875
12,14.13441923753553
9,14.13441923753553
58,14.13441923753553
9,14.13441923753553
2,14.13441923753553
6,9.587028176501875
5,14.13441923753553
2,9.587028176501875
45,14.13441923753553
7,14.13441923753553
7,29.637806925291926
7,16.9075
11,29.637806925291926
42,29.637806925291926
6,29.637806925291926
12,29.637806925291926
5.5,14.48695740005347
8,29.637806925291926
6,14.48695740005347
24,29.57994227994228
93,29.57994227994228
15,21.311489684228818
30,29.57994227994228
13,3.459734204793046
7,2.8643312494479574
4,3.459734204793046
61,20.6764277555067
15.5,20.6764277555067
19.5,20.6764277555067
8,52.86
8,3.459734204793046
1,2.8643312494479574
2.5,2.8643312494479574
0,2.8643312494479574
0,3.459734204793046
0,2.8643312494479574
44.5,35.73760674045738
0,0.4172681704260686
0,0.8738399031110141
23,11.798561113683599
17.5,8.064026665124912
5.5,8.064026665124912
28,11.798561113683599
17,8.064026665124912
12,8.064026665124912
11,11.798561113683599
8,11.798561113683599
49,11.798561113683599
1.5,8.064026665124912
9,11.798561113683599
1,8.064026665124912
4,11.798561113683599
4,11.798561113683599
17,11.798561113683599
21,27.253214285714286
22,173.57471722721723
14,27.253214285714286
11.5,173.57471722721723
13,27.253214285714286
13,27.253214285714286
48,27.253214285714286
9,6.505597383666364
1.5,6.084610224083922
4,6.505597383666364
1,6.084610224083922
13.5,12
5,6.505597383666364
2.5,6.084610224083922
2,6.084610224083922
48,3.459734204793046
1,3.459734204793046
1,3.459734204793046
7,14.794444444444443
5,16.656819131161235
45,66.7247619047619
5.5,10.23046734920305
13,16.656819131161235
8.5,10.23046734920305
11,16.656819131161235
8.5,10.23046734920305
25,10.23046734920305
50,58.592499999999994
6,6.505597383666364
1,6.084610224083922
4.5,6.084610224083922
34,6.505597383666364
41,34.797539682539686
39,34.797539682539686
41,34.797539682539686
4,11.798561113683599
1,11.798561113683599
20,11.798561113683599
16,8.064026665124912
11,11.798561113683599
480,111.13166666666666
32,22.561819879194882
58,21.77
79.5,22.561819879194882
16,22.561819879194882
7,32.62016808948398
14,32.62016808948398
13,22.561819879194882
17.5,22.561819879194882
58,32.62016808948398
27,32.62016808948398
11,32.62016808948398
20,22.561819879194882
67,32.62016808948398
45,32.62016808948398
34,26.31978162003977
126,32.62016808948398
24,32.62016808948398
24,32.62016808948398
12,32.62016808948398
8.5,24.32578271482351
22,32.62016808948398
5,32.62016808948398
9,24.32578271482351
7,24.32578271482351
24.5,24.32578271482351
7,24.32578271482351
73,26.94150287054034
55,26.94150287054034
34,24.32578271482351
19,26.94150287054034
306,29.698525151911504
144,29.698525151911504
8.5,24.32578271482351
0,29.698525151911504
1,24.32578271482351
13,24.32578271482351
1,24.32578271482351
55,93.53952380952381
43,152.39000000000001
4,29.698525151911504
21,29.698525151911504
17.5,40.19664489921844
3,29.698525151911504
8,57.04302882690788
19,57.04302882690788
26.5,25.79979614933232
20,47.675000000000004
2,25.79979614933232
4,29.723201288635114
3,25.79979614933232
4,25.79979614933232
39,29.723201288635114
7,29.723201288635114
4,29.723201288635114
1,25.79979614933232
9,25.79979614933232
28,25.79979614933232
18,18.68576999389499
33,18.68576999389499
76,29.723201288635114
22,29.723201288635114
77,29.723201288635114
3,29.723201288635114
30,38.694790200008796
4.5,18.68576999389499
5,17.772050166161062
11,38.694790200008796
2,17.772050166161062
101,17.772050166161062
9,38.694790200008796
6,38.694790200008796
105,17.772050166161062
61,17.772050166161062
10,17.772050166161062
69,38.694790200008796
51.5,17.772050166161062
10.5,17.772050166161062
12,17.772050166161062
13.5,17.772050166161062
18,17.772050166161062
41.5,17.772050166161062
16,38.694790200008796
9,38.694790200008796
5,17.772050166161062
6,38.694790200008796
47,38.694790200008796
65,19.7125
11,19.609523809523807
42,19.7125
4,38.694790200008796
2.5,17.772050166161062
14.5,10.418152046783629
2,10.418152046783629
18,15.146263736263734
24,9.34
16,15.146263736263734
35.5,10.418152046783629
7,15.146263736263734
4,7.333530129672016
0,4.109906759906771
0.5,4.109906759906771
17.5,4.109906759906771
3.5,4.109906759906771
3.5,4.109906759906771
5,7.333530129672016
12,5.9317982456140355
4,8.21615384615385
6,7.423978749847433
3,10.283439269376311
4,10.283439269376311
1,7.423978749847433
11,10.283439269376311
6,7.423978749847433
0,10.283439269376311
60,38.785000000000004
39.5,23.1925
29,10.283439269376311
2,10.488181818181818
1,10.488181818181818
0.5,1.2314033189033207
67,308.25954545454545
2,2.256130952380953
1,4.106746031746032
4,0.37109042101689627
2,4.106746031746032
0,0.37109042101689627
1,4.106746031746032
1,4.106746031746032
1,4.106746031746032
4,4.106746031746032
4.5,1.1835862563649076
1,4.599951573806678
3,4.599951573806678
2,4.599951573806678
3,1.1835862563649076
3.5,1.1835862563649076
2,4.599951573806678
1.5,1.1835862563649076
5,4.599951573806678
3,4.599951573806678
3,4.599951573806678
13,42.01721577220381
7.5,3.993571428571429
3.5,3.993571428571429
1,1.7145093167926078
0,1.7145093167926078
0,1.7145093167926078
0,1.7145093167926078
0,6.782053332308209
2,1.2204761904761914
0,4.531275748025583
1,1.6266851414287185
2,1.6266851414287185
2,1.6266851414287185
1,1.6266851414287185
0,1.6266851414287185
3.5,48.99594383031856
5,1.6266851414287185
2,1.6266851414287185
5,1.6266851414287185
2,7.198198720920663
3,7.198198720920663
3.5,5.6358463361911255
11,7.198198720920663
8.5,5.6358463361911255
7,7.198198720920663
5,7.198198720920663
19,7.198198720920663
15,5.6358463361911255
9,7.198198720920663
9,7.198198720920663
16,7.198198720920663
21,7.198198720920663
5,7.198198720920663
8,5.6358463361911255
3.5,2.9415521978021992
27,10.483333333333334
3.5,2.9922488622488657
23.5,5.6358463361911255
2,5.6358463361911255
17,5.6358463361911255
5,7.198198720920663
3,5.6358463361911255
1,2.9415521978021992
0.5,2.9415521978021992
9,3.5855463980464
7,3.5855463980464
3,3.5855463980464
2,2.9922488622488657
1.5,2.9922488622488657
4,3.633860028860031
13.5,2.9357982496569592
0.5,2.9357982496569592
3,9.827756184829177
4,9.827756184829177
8,9.827756184829177
8.5,2.9357982496569592
4.5,2.9357982496569592
12,9.827756184829177
3,2.9357982496569592
1.5,2.9357982496569592
11,9.827756184829177
2,2.9357982496569592
2,2.9357982496569592
0,2.4351554001554025
24,3.0647286047286086
5,8.876103063603065
0,3.0647286047286086
1,8.876103063603065
1,8.876103063603065
12,2.3834523809523818
9,4.531275748025583
16,9.2097113190415
5,9.2097113190415
33,9.2097113190415
10,9.2097113190415
2.5,4.531275748025583
3,9.2097113190415
1,4.531275748025583
1,0.6288721198156807
0,0.6288721198156807
0,0.6288721198156807
0,0.6288721198156807
2,0.6288721198156807
1,0.6288721198156807
0,0.6288721198156807
8,2.945064102564107
2,5.398333333333333
2,0.6288721198156807
52,653.4816666666667
787,312.9766666666667
6,45.45666666666666
13,30.369999999999997
7,30.369999999999997
0,1.2283714092924658
2.5,2.945064102564107
4,4.845000000000001
0,1.2283714092924658
0,2.945064102564107
4,1.2283714092924658
1,1.2283714092924658
1,0.377857142857145
2,0.8899144883828821
2,0.8899144883828821
0,0.8899144883828821
3,11.911645988420185
0,11.911645988420185
0,0.8899144883828821
0,0.6715735631397436
0,0.6715735631397436
0,0.6715735631397436
0,0.6715735631397436
0,0.6715735631397436
0,0.05576283137154121
0,0.05576283137154121
1,0.6715735631397436
2,0.5432159326181146
0,0.5432159326181146
0.5,0.05576283137154121
0,0.05576283137154121
0,0.8899144883828821
2,0.8899144883828821
0,1.6266851414287185
1,1.6266851414287185
0,0.8899144883828821
1,1.6266851414287185
1,0.8899144883828821
0,0.8899144883828821
0,1.6266851414287185
0,1.6266851414287185
1,1.6266851414287185
0,1.6266851414287185
0,1.6266851414287185
0,0.8899144883828821
0,1.6266851414287185
0,0.8899144883828821
1,1.6266851414287185
0,0.6715735631397436
0,0.6715735631397436
0,0.8899144883828821
0,0.8899144883828821
0,0.6715735631397436
1,0.8899144883828821
1,0.6715735631397436
1.5,0.8899144883828821
1,0.8899144883828821
5.5,0.8899144883828821
2,0.8899144883828821
11,0.6715735631397436
4,0.8899144883828821
2.5,0.8899144883828821
7,1.1035714285714289
3,1.1035714285714289
7,1.1035714285714289
0,9.485000000000001
0.5,2.5782924428512795
0.5,2.5782924428512795
9,9.485000000000001
61,104.07678571428573
5,38.79666666666667
3,2.789630503661882
0,2.789630503661882
1,2.789630503661882
1,2.789630503661882
3,2.789630503661882
0,1.4400068071341647
0,1.0552186774432382
3,2.6211088241587097
4,2.6211088241587097
5,2.6211088241587097
6,2.6211088241587097
1,2.6211088241587097
2,2.6211088241587097
33,2.789630503661882
21,2.789630503661882
5,2.789630503661882
2,1.0552186774432382
2,1.0552186774432382
3,1.0552186774432382
2,2.789630503661882
1,1.0552186774432382
1,1.4400068071341647
1,1.0552186774432382
0,1.0552186774432382
3,1.4400068071341647
1,1.4400068071341647
0,1.4400068071341647
2,1.4400068071341647
0,1.4400068071341647
1,1.4400068071341647
0,1.4400068071341647
0,1.4400068071341647
0,1.4400068071341647
0,1.4400068071341647
179,20.253333333333337
85,18.376775956284156
45,11.653690476190476
9,16.09166666666667
2.5,16.09166666666667
2,11.653690476190476
1.5,16.09166666666667
8,11.653690476190476
49,8.295
16,11.601337373931718
14,14.13441923753553
29,11.601337373931718
15,14.13441923753553
22,14.13441923753553
30,14.13441923753553
11,14.13441923753553
9.5,11.601337373931718
1,14.13441923753553
1,11.601337373931718
6,14.13441923753553
1,11.601337373931718
3,11.601337373931718
1,11.601337373931718
3.5,11.601337373931718
10.5,28.92115800865801
67,56.719047619047615
18,56.719047619047615
5.5,28.92115800865801
3,22.0929793151613
6,22.0929793151613
5.5,28.92115800865801
9,23.999277148024113
4,22.0929793151613
4,22.0929793151613
1,22.0929793151613
216,22.0929793151613
6,22.0929793151613
6.5,23.999277148024113
26,22.0929793151613
19.5,23.999277148024113
13,22.0929793151613
99,22.0929793151613
4,22.0929793151613
3.5,23.999277148024113
7,22.0929793151613
98,42.010952380952375
21.5,62.279999999999994
30,199.13833333333332
6,22.0929793151613
5,23.999277148024113
3.5,23.999277148024113
64,22.0929793151613
3,1.8890423781248686
2,1.8890423781248686
0,1.8890423781248686
5,5.12
4.5,44.62850857524126
1.5,44.62850857524126
0,0.406957884997702
1,0.406957884997702
0,0.406957884997702
0,0.406957884997702
0,0.406957884997702
0,0.406957884997702
1,0.406957884997702
0,0.406957884997702
83,19.144545454545455
7,3.7699028749028782
0,0.406957884997702
3,8.515595238095239
0,8.515595238095239
0,2.5782924428512795
0,1.6266851414287185
1,1.6266851414287185
1,1.6266851414287185
1,1.6266851414287185
9,1.6266851414287185
0,1.6266851414287185
0,1.6266851414287185
0,1.6266851414287185
1,1.6266851414287185
1,1.6266851414287185
2,13.749999999999996
3,16.111566630870712
1,1.6266851414287185
2,1.6266851414287185
2,1.6266851414287185
0,1.6266851414287185
5,5.482990702845554
4.5,4.033546907928075
10,4.033546907928075
8,5.457008737280555
5,4.033546907928075
19,5.457008737280555
9,4.033546907928075
17,4.033546907928075
5,5.457008737280555
2,16.01666666666667
61,184.7866666666667
4.5,11.999847613686622
6,24.773140533357253
0,4.112792207792208
0,0.588333333333335
0,2.3228266247515448
1,18.92666666666667
0,1.0658141036401502e-15
0,0.34555555555555734
0,0.34555555555555734
0,1.0658141036401502e-15
0,0.34555555555555734
0,1.0658141036401502e-15
0,0.34555555555555734
0,0.34555555555555734
0,5.457008737280555
5,373.6455555555556
16,18.680476190476192
2.5,4.033546907928075
11,5.457008737280555
1,5.457008737280555
1,4.033546907928075
1,5.457008737280555
1,5.457008737280555
113.5,17.77510204081633
4,8.303968431705368
0.5,5.482990702845554
4,8.303968431705368
1,5.482990702845554
2,8.303968431705368
10,8.303968431705368
16,14.029999999999998
6.5,5.482990702845554
62,4.098809523809524
1,4.112792207792208
2,2.7633333333333345
5,2.7633333333333345
2,2.7633333333333345
11,9.334999999999999
0,1.0883333333333354
0,0.34555555555555734
1,1.0883333333333354
33,24.773140533357253
23,24.773140533357253
0.5,11.2125
4.5,11.377500000000001
1,5.457008737280555
0,5.457008737280555
0,4.033546907928075
1,4.033546907928075
1,5.457008737280555
0,4.033546907928075
0,12.19375
1,3.1114517345399713
0.5,12.19375
0,2.806907599119506
0,2.806907599119506
14,0.22928571428571481
0,0.4946367521367566
0,0.4946367521367566
1,0.4946367521367566
0,0.7813983238983269
0,0.7813983238983269
0,0.7813983238983269
0,0.7813983238983269
0,0.16107142857142948
0,0.1677841533354531
1,0.1677841533354531
1,0.1677841533354531
0,0.1677841533354531
0,0.1677841533354531
6.5,3.145534918512868
0,0.7790764790764815
5,0.7790764790764815
3,0.7790764790764815
4,1.2959984459984528
0,2.806907599119506
0,0.7615916603102054
0,2.5216110912844263
2,15.400833333333333
4,9.84
0.5,2.5216110912844263
3,4.098809523809524
0,4.263256414560601e-15
0,4.263256414560601e-15
0,4.263256414560601e-15
12.5,7.62132521950245
1,2.4121824009324087
2,2.4121824009324087
6,2.8643312494479574
0,2.8643312494479574
0,2.4121824009324087
3,4.098809523809524
1,2.232916666666667
10,4.636428571428573
24,66.7247619047619
10,65.38
3.5,3.437812500000001
0,7.029807692307694
0,7.029807692307694
3,7.029807692307694
0.5,0.9660317460317472
0,0.9660317460317472
0,0.9660317460317472
2,7.747999887539365
1,7.747999887539365
4,1.4061343999138232
0,2.8643312494479574
0,1.4061343999138232
0,2.8643312494479574
0,1.4061343999138232
0,1.4061343999138232
1,2.8643312494479574
1,2.8643312494479574
0,2.8643312494479574
0,1.4061343999138232
0,1.4061343999138232
3,1.4061343999138232
32,27.21666666666666
1,22.347186147186143
0.5,16.96607142857143
59,2.773552138384789
10,86.95
43.5,46.61433080808081
0,2.5216110912844263
1,2.773552138384789
0,2.5216110912844263
2,2.773552138384789
2.5,2.5216110912844263
0.5,2.5216110912844263
1,2.773552138384789
1,2.773552138384789
5,2.773552138384789
1.5,2.5216110912844263
3,2.773552138384789
2,2.773552138384789
1,2.773552138384789
3,7.747999887539365
2,12.331050554837322
1,7.747999887539365
1,7.747999887539365
1.5,65.31666666666668
20,11.463147545924555
4,11.463147545924555
2.5,7.62132521950245
16,11.463147545924555
6,11.463147545924555
1,11.463147545924555
5.5,7.62132521950245
4,7.62132521950245
1.5,7.62132521950245
3.5,7.62132521950245
10.5,7.62132521950245
8,11.463147545924555
7.5,7.62132521950245
5,9.84
2,1.8530075819456109
7,2.4573855311355364
1.5,1.8530075819456109
1.5,1.8530075819456109
0,6.0206349206349214
244,72.05696969696969
13,10.915000000000001
4,7.62132521950245
56,4.643015873015874
19.5,7.62132521950245
11,12.23333333333333
7,4.236764069264069
2,5.447860750360751
1.5,4.236764069264069
3.5,4.236764069264069
1,1.8530075819456109
4.5,1.8530075819456109
15.5,1.8530075819456109
2,5.5906746031746035
2,1.8530075819456109
8,5.5906746031746035
1.5,1.8530075819456109
0,5.5906746031746035
2,2.74896497035817
0.5,1.068333333333334
0,42.01721577220381
0,1.1322915833213458
0,1.1322915833213458
0,1.1322915833213458
0,0.3647700516317574
1,0.3647700516317574
0,0.3647700516317574
0,0.3647700516317574
0,1.1322915833213458
0,1.1322915833213458
3.5,0.3647700516317574
0,0.3647700516317574
2,1.4310445694656302
153,241.325
114,148.65333333333334
1.5,5.9816666666666665
1.5,5.9816666666666665
11,7.853174603174603
1,1.4310445694656302
1,0.3647700516317574
1,1.4310445694656302
34,2.0336363636363655
2,1.5642261904761923
0.5,1.5642261904761923
0,2.643504273504275
3,2.643504273504275
0.5,1.5642261904761923
24,7.130158730158731
473,429.4833333333334
2.5,3.1423333333333354
5,2.643504273504275
0.5,0.5055451127819651
0,0.5055451127819651
16,2.0422671471041154
2,2.0422671471041154
0,0.5055451127819651
2,2.0422671471041154
0,0.5055451127819651
0.5,0.5055451127819651
2,2.0422671471041154
0,0.5055451127819651
6,2.0422671471041154
6,2.0422671471041154
1,2.0422671471041154
0,2.0422671471041154
1,0.7552236652236776
0,0.7552236652236776
0,0.7552236652236776
0,0.5482683982684009
20,17.46479965998792
7.5,17.46479965998792
1,1.0829365079365085
1,0.8178354978354996
0,0.8178354978354996
0,1.2959984459984528
0,1.2959984459984528
0,1.2959984459984528
0,0.7615916603102054
21,6.95
16,6.95
1,15.111489898989898
7,15.111489898989898
8,15.111489898989898
2,15.111489898989898
2,15.111489898989898
18,15.111489898989898
1,4.643015873015874
0,4.747374847374852
1,4.747374847374852
6,4.747374847374852
115.5,66.54666666666665
93,44.23833333333333
92,39.34166666666667
60.5,17.46479965998792
5,14.622156862745097
2,14.622156862745097
5,14.622156862745097
1,14.622156862745097
5,3.9140170940170975
2,3.9140170940170975
9,3.9140170940170975
7,3.9140170940170975
9,3.9140170940170975
1,22.71
1.5,138.47291666666666
11,9.135079365079367
20,9.135079365079367
13,138.47291666666666
50,12.47
11,24.346975245854985
5,17.46479965998792
13,24.346975245854985
8.5,17.46479965998792
9,24.346975245854985
28,24.346975245854985
44,24.346975245854985
30,24.346975245854985
7,19.85202614379085
6,22.708400627150628
4.5,22.708400627150628
4,22.708400627150628
13,19.85202614379085
18,111.34704140062836
11,22.708400627150628
24.5,22.708400627150628
26,22.708400627150628
1,22.708400627150628
15,17.46479965998792
33,24.346975245854985
26,24.346975245854985
20,17.46479965998792
11.5,17.46479965998792
21,17.46479965998792
26,24.346975245854985
12,24.346975245854985
2,17.46479965998792
10,17.46479965998792
0,17.46479965998792
1,24.346975245854985
4.5,22.708400627150628
27,39.295
7,22.181666666666665
24.5,22.708400627150628
0,0.48772149419209115
0,0.48772149419209115
0,0.48772149419209115
0,0.8738399031110141
0,0.8738399031110141
1,0.8738399031110141
0,0.5563636363636395
1,0.8147391875410573
0,0.8147391875410573
0,0.8147391875410573
1,2.5516905085260975
0,0.8147391875410573
0,0.5563636363636395
1,0.8738399031110141
0,1.1671673501936723
2,1.1671673501936723
2,1.1671673501936723
1,13.129166666666668
14,24.41567126213588
22.5,11.779450666445454
9,11.779450666445454
6.5,12.819166666666666
6,12.819166666666666
25.5,12.819166666666666
42.5,11.779450666445454
9,24.41567126213588
4.5,11.779450666445454
59,24.41567126213588
12.5,11.779450666445454
5,11.779450666445454
75,24.41567126213588
25.5,11.779450666445454
2,24.41567126213588
4,24.41567126213588
2,24.41567126213588
7,24.41567126213588
115,11.779450666445454
9,24.41567126213588
5,11.779450666445454
27,24.41567126213588
28,24.41567126213588
0,4.5600000000000005
0,2.1640988049260277
0,2.1640988049260277
4,22.014080526852588
3,11.779450666445454
3,22.014080526852588
1.5,8.967381877381888
1.5,8.967381877381888
5.5,8.967381877381888
30.5,8.967381877381888
5,22.014080526852588
2,29.015912698412695
8,22.014080526852588
34,22.014080526852588
10.5,8.967381877381888
43,22.014080526852588
28.5,8.967381877381888
5,8.967381877381888
1.5,8.967381877381888
1.5,8.967381877381888
2,3.1821428571428587
42,38.741904761904756
101,12.094047619047618
57.5,6.7285714285714295
9,12.094047619047618
20.5,11.315361905251613
7,24.773140533357253
6.5,20.923731947400427
26,85.36362755476746
5,20.923731947400427
2,85.36362755476746
26,85.36362755476746
12,59.49327837195485
27.5,15.032916666666669
33,59.49327837195485
23,15.032916666666669
19,59.49327837195485
21,59.49327837195485
5,15.032916666666669
30,59.49327837195485
19,15.032916666666669
54,692.8933333333333
14,24.773140533357253
8.5,14.048460497835498
4.5,14.048460497835498
14,27.6192595553741
8,14.048460497835498
15,14.048460497835498
12,27.6192595553741
9,27.6192595553741
0,1.3855583347321953e-14
0,1.3855583347321953e-14
0,1.7763568394002505e-15
0,1.6313924963924997
0,0.3323662448662546
0,0.3323662448662546
1,0.3323662448662546
1,0.3323662448662546
1,0.3323662448662546
3,2.773552138384789
1.5,2.5216110912844263
1,2.773552138384789
0,2.773552138384789
1,2.773552138384789
1,2.773552138384789
0,29.57994227994228
6,29.57994227994228
20.5,213.27999999999997
21,6.232857142857144
12,3.7623015873015886
3.5,3.4904792429792466
2,2.9520471922560083
8,2.9520471922560083
2.5,3.4904792429792466
0,3.4904792429792466
8.5,35.2092484392105
9,43.216665125409875
6,43.216665125409875
3,43.216665125409875
82,43.216665125409875
18.5,35.2092484392105
89,43.216665125409875
10,35.2092484392105
46,43.216665125409875
50,43.216665125409875
116,35.2092484392105
73,21.25297509115378
53,35.2092484392105
71,35.2092484392105
355,21.25297509115378
11,21.25297509115378
16,35.2092484392105
1,35.2092484392105
1,35.2092484392105
1,35.2092484392105
5.5,35.2092484392105
7.5,35.2092484392105
27,21.25297509115378
43,35.2092484392105
58,35.2092484392105
9.5,35.2092484392105
42,21.25297509115378
38,35.2092484392105
1.5,25.593642099356014
2.5,25.593642099356014
178.5,53.15244897959184
72,67.1878751658193
141,35.93890974683355
60,67.1878751658193
118,67.1878751658193
52.5,35.93890974683355
32,67.1878751658193
6.5,35.93890974683355
3.5,35.93890974683355
3,67.1878751658193
14,67.1878751658193
22.5,35.93890974683355
85.5,35.93890974683355
25,67.1878751658193
43,67.1878751658193
23.5,35.93890974683355
18,67.1878751658193
4,67.1878751658193
4.5,35.93890974683355
49,67.1878751658193
2.5,35.93890974683355
2,67.1878751658193
0.5,35.93890974683355
22,67.1878751658193
13.5,35.93890974683355
3.5,35.93890974683355
2,35.93890974683355
0,2.8454745254745273
0,2.1168221989214646
12,2.8454745254745273
8,2.8454745254745273
2.5,2.1168221989214646
12,9.827756184829177
0.5,2.1168221989214646
1.5,2.1168221989214646
0,2.1168221989214646
0,2.1168221989214646
2,9.827756184829177
11,9.827756184829177
1,2.842170943040401e-15
0,2.842170943040401e-15
2,2.842170943040401e-15
1,0.22136599468643964
0,0.22136599468643964
0,0.22136599468643964
1,0.22136599468643964
0,0.22136599468643964
1,10.19869738275774
2.5,10.19869738275774
2,10.19869738275774
1,13.594438873971026
25,13.594438873971026
21,13.594438873971026
0.5,10.19869738275774
17,10.19869738275774
5,13.594438873971026
1,10.19869738275774
2,13.594438873971026
2.5,10.19869738275774
37,13.594438873971026
4.5,10.19869738275774
2,13.333571428571428
1.5,13.35440476190476
10,13.594438873971026
7,12.003333333333332
15,10.192368122074006
3,10.192368122074006
11,15.189223743233029
8.5,10.192368122074006
1,8.7375
33,7.284999999999999
10,15.189223743233029
2,10.192368122074006
0,10.192368122074006
23.5,5.32
2.5,5.32
2.5,3.2690381105355493
0.5,3.2690381105355493
2,3.979059584206648
1.5,1.3014918414918444
2,3.979059584206648
0.5,1.3014918414918444
1,3.979059584206648
0.5,1.3014918414918444
21,0.3833333333333336
0,2.1640988049260277
1,11.075
1,1.2624458874458884
0,3.569280303030306
38.5,2.1640988049260277
1,8.140565417816068
2,8.140565417816068
0,2.1640988049260277
0.5,2.1640988049260277
0,8.140565417816068
0.5,2.1640988049260277
0,8.140565417816068
0,2.1640988049260277
0,8.140565417816068
0,2.1640988049260277
9.5,2.1640988049260277
2.5,2.1640988049260277
1,2.1640988049260277
7,8.140565417816068
0,8.140565417816068
1,2.1640988049260277
2,8.140565417816068
1,8.140565417816068
1,2.1640988049260277
5,16.156618800712838
10,8.01430863245381
71,16.156618800712838
20.5,8.01430863245381
52,16.156618800712838
5,16.156618800712838
3,8.01430863245381
18,8.01430863245381
13.5,8.01430863245381
4.5,8.01430863245381
16,64.32000000000001
47,64.32000000000001
0,8.01430863245381
0,0.4600000000000016
0,1.0658141036401502e-15
0,0.4600000000000016
0,0.4600000000000016
0,0.4600000000000016
0,0.4600000000000016
1.5,0.4600000000000016
1,0.4600000000000016
0.5,9.175828030479895
8.5,9.175828030479895
7,19.359927045008185
19,9.175828030479895
17,19.359927045008185
37,29.99
5.5,9.175828030479895
12,19.359927045008185
144,19.359927045008185
40.5,9.175828030479895
14,19.359927045008185
5,19.359927045008185
3.5,8.396429428414725
38,19.359927045008185
6,8.897857142857143
7,8.396429428414725
6.5,8.396429428414725
17,8.897857142857143
0,8.897857142857143
0,8.396429428414725
1,10.061718997757911
3.5,10.061718997757911
6,10.061718997757911
1.5,10.061718997757911
53.5,45.98330316742082
44,16.484451570101726
4,16.484451570101726
4,16.484451570101726
1,6.93091923217805
31,6.93091923217805
29,11.620267024262535
4,11.620267024262535
2.5,6.93091923217805
5,6.93091923217805
16,11.620267024262535
3,11.620267024262535
13,11.620267024262535
4,6.93091923217805
4,11.620267024262535
15,11.620267024262535
15,11.620267024262535
2.5,6.93091923217805
5.5,10.061718997757911
5,16.35027437015614
10,16.35027437015614
10,10.061718997757911
17.5,10.061718997757911
11,16.35027437015614
5,6.93091923217805
18,6.93091923217805
10,16.274763809032386
8,6.93091923217805
9,16.274763809032386
7.5,6.93091923217805
5,16.274763809032386
1.5,6.93091923217805
26,16.274763809032386
3,6.93091923217805
17,6.93091923217805
9.5,6.93091923217805
16,37.474999999999994
10.5,3.7623015873015886
1,6.93091923217805
26,3.855357142857143
4,3.855357142857143
5,3.855357142857143
123,42.01721577220381
107,40.144046651051525
16,40.144046651051525
99,42.01721577220381
66,40.144046651051525
200,42.01721577220381
52,40.144046651051525
15.5,40.144046651051525
16,42.01721577220381
32,42.01721577220381
25.5,40.144046651051525
29,42.01721577220381
4.5,40.144046651051525
18,42.01721577220381
7,42.01721577220381
17,42.01721577220381
4,40.144046651051525
48,42.01721577220381
9.5,40.144046651051525
11,42.01721577220381
20,42.01721577220381
16,40.144046651051525
21,42.01721577220381
18,42.01721577220381
10,40.144046651051525
20.5,40.144046651051525
15,42.01721577220381
5,40.144046651051525
11,40.144046651051525
20,42.01721577220381
103,42.01721577220381
3.5,40.144046651051525
5,40.144046651051525
10.5,40.144046651051525
14,42.01721577220381
11.5,40.144046651051525
126,42.01721577220381
72.5,40.144046651051525
19,42.01721577220381
7,42.01721577220381
27,42.01721577220381
1,42.01721577220381
0,0.6145238095238102
0,3.552713678800501e-16
0,3.552713678800501e-16
0,0.6145238095238102
0,3.552713678800501e-16
0,3.552713678800501e-16
0,3.552713678800501e-16
11,54.81180874025125
8.5,25.541667869167874
14.5,25.541667869167874
110.5,25.541667869167874
58,25.541667869167874
14,54.81180874025125
11,25.541667869167874
21.5,25.541667869167874
7,54.81180874025125
22,54.81180874025125
5.5,25.541667869167874
124,54.81180874025125
16.5,25.541667869167874
12.5,25.541667869167874
68,54.81180874025125
3,54.81180874025125
14.5,42.06617410472164
18.5,42.06617410472164
54,54.81180874025125
117,54.81180874025125
25,42.06617410472164
14.5,42.06617410472164
87.5,42.06617410472164
15,54.81180874025125
8,42.06617410472164
15,54.81180874025125
142,54.81180874025125
13,42.06617410472164
51,54.81180874025125
22.5,42.06617410472164
20.5,42.06617410472164
39,26.25595238095238
11,48.80789682539682
7,48.80789682539682
94,48.80789682539682
15,37.01550818140524
47.5,37.01550818140524
309,85.36362755476746
3.5,37.01550818140524
6,85.36362755476746
6.5,37.01550818140524
8,85.36362755476746
57.5,48.99594383031856
115,57.04302882690788
78.5,48.99594383031856
54,57.04302882690788
6.5,48.99594383031856
113,38.694790200008796
81,38.694790200008796
7.5,48.99594383031856
52,38.694790200008796
69,38.694790200008796
40,48.99594383031856
6,38.694790200008796
4.5,48.99594383031856
36,38.694790200008796
13,48.99594383031856
7,38.694790200008796
4,38.694790200008796
11,2.750000000000001
8,6.5
3,6.5
0.5,6.5
2,9.36576373525865
117,10.091258708611651
61.5,9.36576373525865
4,9.36576373525865
6,10.091258708611651
2,9.36576373525865
53,10.091258708611651
8,9.36576373525865
1,9.36576373525865
1,10.091258708611651
0,10.091258708611651
0,9.36576373525865
4,7.989999999999999
0.5,15.5875
11,8.1033333333333335
0,9.36576373525865
14,8.1033333333333335
9,8.1033333333333335
6,8.1033333333333335
47,23.248232323232322
67,23.248232323232322
11,23.248232323232322
13,9.36576373525865
1,9.36576373525865
43,178.56800420813306
29.5,16.111566630870712
4,16.111566630870712
14,16.111566630870712
14,178.56800420813306
5.5,16.111566630870712
52,16.111566630870712
18,178.56800420813306
51,16.111566630870712
21,34.309144558172115
10,34.309144558172115
6,34.309144558172115
28.5,16.111566630870712
3,34.309144558172115
82,16.111566630870712
16,34.309144558172115
3.5,16.111566630870712
29,34.309144558172115
3,16.111566630870712
13,34.309144558172115
84,34.309144558172115
0,34.309144558172115
16,43.43944444444444
8,34.309144558172115
15,34.309144558172115
10,16.111566630870712
105,34.309144558172115
4,34.309144558172115
19.5,16.111566630870712
16,34.309144558172115
19,38.694790200008796
9,38.694790200008796
46,38.694790200008796
33,25.593642099356014
15,38.694790200008796
6,25.593642099356014
9,38.694790200008796
32,31.23640894520521
26,28.278741705694586
163,31.23640894520521
49.5,28.278741705694586
25,31.23640894520521
34.5,28.278741705694586
53,31.23640894520521
19,28.278741705694586
23,28.278741705694586
19,31.23640894520521
15,28.278741705694586
10,28.278741705694586
11,31.23640894520521
15.5,28.278741705694586
11.5,28.278741705694586
4.5,28.278741705694586
6,31.23640894520521
9,31.23640894520521
13,31.23640894520521
0,28.278741705694586
28,28.278741705694586
7,31.23640894520521
36,31.23640894520521
21,28.278741705694586
8,31.23640894520521
9,31.23640894520521
6,31.23640894520521
4.5,28.278741705694586
20,28.278741705694586
57,28.278741705694586
21.5,28.278741705694586
5,28.278741705694586
5,31.23640894520521
16,31.23640894520521
7,31.23640894520521
14.5,28.278741705694586
1.5,44.62850857524126
3,21.25297509115378
24,31.48
3.5,8.968067731523655
3.5,8.968067731523655
9,15.377586911282734
29,15.377586911282734
8,15.377586911282734
5,8.968067731523655
23,15.377586911282734
356,357.3
4.5,1.6160714285714293
7,5.5600000000000005
2,5.5600000000000005
2,4.70251336898396
1,3.145534918512868
1,3.145534918512868
1,7.7497435897435905
6,3.145534918512868
8,4.70251336898396
5.5,3.145534918512868
0,3.145534918512868
3,1.7145093167926078
0,1.7145093167926078
0,1.7145093167926078
0,1.7145093167926078
1,2.806907599119506
0,2.806907599119506
0,2.806907599119506
2,1.6266851414287185
41,12.952499999999997
3.5,14.319995903219588
14,14.319995903219588
22,14.319995903219588
45,12.010830303541303
32,12.010830303541303
1,14.319995903219588
11,25.732142857142854
1,14.319995903219588
2,14.319995903219588
1,14.319995903219588
44,12.010830303541303
1,12.010830303541303
6.5,14.319995903219588
3,14.319995903219588
19.5,14.319995903219588
4.5,14.1161093438725
5,16.95577306680248
15.5,14.1161093438725
13,16.95577306680248
7,14.1161093438725
8,16.95577306680248
6.5,14.1161093438725
12,16.95577306680248
19,16.95577306680248
1.5,14.1161093438725
36,38.19467532467532
54,38.19467532467532
34.5,25.596996753246753
2,6.345260540929667
28,8.303968431705368
3,8.303968431705368
3,8.303968431705368
2,6.345260540929667
1,6.345260540929667
4,8.303968431705368
2,6.345260540929667
10,8.303968431705368
94,8.303968431705368
55,6.345260540929667
2,8.303968431705368
24,3.8051622901951943
6,8.303968431705368
1,3.8051622901951943
4,3.8051622901951943
6,8.303968431705368
0,3.8051622901951943
2,6.564123376623376
0.5,2.2461439540851367
26,8.557619047619049
0,16.427777777777777
8,18.131313046430694
6,18.131313046430694
13,18.131313046430694
1.5,12.229801476927378
40,18.131313046430694
7,18.131313046430694
6.5,12.229801476927378
6,12.229801476927378
5,12.229801476927378
3,12.229801476927378
17,18.131313046430694
7,18.131313046430694
1,21.09753807595913
0.5,8.24
6,21.09753807595913
4,8.24
1.5,8.24
4,21.09753807595913
3.5,8.759691558441556
29,21.09753807595913
4,21.09753807595913
3,15.931626984126988
1.5,7.579464285714286
7,15.931626984126988
2,15.931626984126988
1.5,7.579464285714286
6.5,2.155000000000001
1,2.155000000000001
3,5.775858585858588
2,2.155000000000001
4,5.775858585858588
4,5.775858585858588
1.5,2.155000000000001
3,1.7852696078431443
0,0.5537094849594905
0,4.825174710910008
2,1.7852696078431443
1,2.806907599119506
3,17.166862745098037
0,0.7569642857142899
0,4.355398767898771
3.5,2.806907599119506
10,4.355398767898771
4.5,2.885367063492068
4.5,2.885367063492068
2,2.885367063492068
12,4.607670940170943
8,2.885367063492068
7,2.74896497035817
19,2.74896497035817
5,2.5782924428512795
2.5,2.5782924428512795
1,2.5782924428512795
4,2.5782924428512795
7,9.350710955710955
8,6.634206349206354
1.5,2.2461439540851367
0.5,2.2461439540851367
6,12.574242424242424
6,2.2461439540851367
15,2.2461439540851367
1.5,2.2461439540851367
1.5,9.280950616412579
14,2.9520471922560083
6,2.9520471922560083
0.5,9.280950616412579
3,9.280950616412579
5,2.9520471922560083
2,2.9520471922560083
2.5,9.280950616412579
3,3.454761904761905
0,3.454761904761905
0,9.280950616412579
0,0.20482960117686524
0,0.20482960117686524
0,0.20482960117686524
2,0.5551273073331927
2,0.5551273073331927
1,0.5551273073331927
6,15.961616161616167
0,0.19442714148597168
0,0.19442714148597168
0,0.19442714148597168
1,0.4369047619047624
1,1.0618722943722965
5,10.324248143163024
2.5,18.844637966232874
0.5,18.844637966232874
8,10.324248143163024
6.5,3.6693993506493543
28,10.324248143163024
10,3.6693993506493543
6.5,44.62850857524126
2.5,44.62850857524126
2.5,44.62850857524126
3,10.129953556748701
2,44.62850857524126
30,10.324248143163024
13.5,18.844637966232874
34.5,18.844637966232874
45,10.324248143163024
14,10.324248143163024
1.5,18.844637966232874
1,18.844637966232874
0,18.844637966232874
9.5,3.6693993506493543
9.5,2.68345289324047
4,12.37016164627336
1,12.37016164627336
1,2.68345289324047
18,12.37016164627336
6,2.68345289324047
0.5,2.68345289324047
17,12.37016164627336
2.5,2.68345289324047
4,2.68345289324047
0.5,2.68345289324047
6,12.37016164627336
2,12.37016164627336
2,2.68345289324047
1.5,2.68345289324047
0.5,2.68345289324047
2,12.37016164627336
3,12.37016164627336
6,12.37016164627336
1,4.741993978243994
1,4.741993978243994
0.5,4.741993978243994
4,7.367867291844282
2,4.741993978243994
10,7.367867291844282
6,7.367867291844282
1,4.741993978243994
20,7.367867291844282
3,4.741993978243994
93,6.597499999999999
14,6.597499999999999
7,6.597499999999999
3.5,21.311489684228818
10,6.597499999999999
1,2.7371428571428575
13,2.7371428571428575
10,2.7371428571428575
0,2.7371428571428575
0.5,28.77041666666667
1,28.77041666666667
2,1.0000000000000007
2,1.2497619047619053
0,1.2497619047619053
0.5,1.2497619047619053
2,14.48695740005347
2,15.01145472281342
18,15.01145472281342
16,14.48695740005347
3,15.01145472281342
5,15.01145472281342
17,15.01145472281342
41,15.01145472281342
38,15.01145472281342
11,15.01145472281342
34,14.48695740005347
6.5,14.48695740005347
12,15.01145472281342
12,14.48695740005347
1,9.966666666666667
1,0.12843434343434978
1,0.12843434343434978
4,2.9999067599067617
1,2.9999067599067617
5,18.847380952380952
1,3.7866666666666675
0,1.4210854715202005e-15
0,0.7615916603102054
0,0.7615916603102054
2,0.1677841533354531
1,0.1677841533354531
0,0.1677841533354531
8,2.0422222222222244
1,2.789630503661882
3,2.789630503661882
3,2.789630503661882
0,0.06000000000000085
0,0.06000000000000085
0,2.9011124620060853
0,0.5586704961705109
1,0.5586704961705109
0,0.5586704961705109
3,0.5586704961705109
0,0.5586704961705109
0,0.5586704961705109
2,0.5586704961705109
9.5,2.5869444444444465
4,9.2097113190415
3.5,2.5869444444444465
2,9.2097113190415
1,9.2097113190415
3,9.2097113190415
3,9.2097113190415
2,9.2097113190415
6,9.782876863633446
2.5,9.782876863633446
21,13.727687809266758
6.5,9.782876863633446
0,13.727687809266758
2.5,9.782876863633446
3,1.027841320444273
3,1.027841320444273
0,1.027841320444273
4,3.1200089126559782
1,3.1200089126559782
6,3.1200089126559782
5,3.1200089126559782
0.5,0.4166666666666682
1,1.284404761904763
0.5,0.9542857142857155
3,0.9542857142857155
2,0.29127539127540025
0,0.29127539127540025
0.5,0.3819047619047627
0,0.3819047619047627
0.5,0.1033333333333342
0.5,0.1033333333333342
0,0.15928571428571486
4,1.0357142857142865
0,0.7435714285714304
