log_usage,rf_pred
2.737470649934387,1.9132999873088374
1.9272029258281789,1.9132999873088374
2.672671575629945,2.392647960434563
2.510929529187969,2.400490374797013
1.9704150695393887,2.2449712431322926
2.5811238813931667,2.4001205713084484
3.2108960137552,2.4001205713084484
2.267871205110446,2.4001205713084484
2.782973438559751,2.4001205713084484
2.9288916020474547,2.4001205713084484
2.1363688061730155,2.4001205713084484
2.585417030312428,2.5219199461738366
2.247409519639247,2.086927877159555
2.099415873371633,1.9676747633337113
2.1162468579515603,2.086927877159555
1.9185456006255959,1.9676747633337113
1.241763277057026,1.9676747633337113
1.1317827753107355,1.494651173222934
0.8944544843611152,1.494651173222934
2.9834848598612163,1.6354654030714022
2.6268268539187414,2.2138151910689454
2.715932164549348,2.3335485545193477
2.5067931966153987,2.623454991814428
2.786548187213021,2.623454991814428
2.17479881325211,2.5219199461738366
2.6977508251788724,2.623454991814428
2.9217259453887645,2.623454991814428
2.0272519436234537,2.133946472177071
2.9027085606513,2.4001205713084484
2.78027913564903,2.210108338431724
2.366532895342934,2.4001205713084484
1.4094830530888558,2.4001205713084484
1.1196623405305832,2.210108338431724
2.2536174087495264,1.9722238423866785
2.0198615749862388,1.9722238423866785
1.8348230922387545,1.993876637731356
0.9987369143822623,1.6884832481199803
2.8581183314930256,2.4733642062563193
2.267871205110446,2.3122615732521665
2.9906380669817083,2.4733642062563193
1.7124161669655122,1.7092722552192126
1.231582202469745,1.6657354607821402
1.6777451392360887,1.6657354607821402
1.4171959182713587,1.7092722552192126
1.2616493825824124,1.6657354607821402
0.991294682330673,1.6657354607821402
2.00936869856354,1.9294346566958458
2.1033396489299543,2.1225320265921797
1.791632444907227,1.9294346566958458
1.9306331421499472,2.1225320265921797
2.0198615749862388,2.1225320265921797
2.2536174087495264,2.5406272972930593
1.8771307530873518,1.9119142129514464
1.641075528039379,1.8466788469491855
1.1436766465895776,1.24157159933458
1.094706060077933,1.4334709594781097
1.424816411589475,1.4334709594781097
0.9684310159825301,1.24157159933458
0.9366092059981338,1.5228824755405652
3.2694178072462643,1.6771674666437781
1.9062239843335056,1.9441434280475474
2.90196564919889,1.7034887831188101
1.3178302851889439,1.6980188738162842
1.9862838118214525,1.6312122824554063
2.095467751583791,1.7034887831188101
2.6936389944780874,2.010398782638744
2.0685017000068373,2.010398782638744
2.0108783163219477,-0.7654400771185234
0.7480942045674764,-0.7654400771185234
1.6274496629005115,0.686195263027508
1.4792344772911792,0.686195263027508
2.1618486170380686,0.9741461966140683
0.3696799388679482,0.4835900073029755
1.344163846670024,1.4429717158506064
0.6142824816568282,0.7478123269687019
-1.3945282095573541,-0.7466387949790325
-0.9534761724510284,-0.9058155671487058
-0.9534761724510284,-1.1223241281797585
-1.3945282095573541,-1.1223241281797585
-0.07137209823837745,-0.4740877307695075
-1.3945282095573541,-1.1576806600240317
-0.20349377078839376,-0.8273612194970751
0.1312611530726592,0.2177535651829832
0.7257654719092732,1.4347557838638958
0.10166030027049844,0.25360687052997305
1.1073065428527196,0.48302748457455047
1.5728348124170608,1.0589808155634524
2.0848180705779966,1.3534430913836684
1.891843630225584,1.260338995432528
1.891843630225584,1.5561771646449694
1.7655685861301809,1.3664877609016388
1.0133652272853102,1.0846584238683221
1.793756999758135,1.0846584238683221
0.8107319759742738,0.8586628583595696
0.3070421674611508,0.8586628583595696
2.0374563435497914,1.8611717096382958
1.344163846670024,1.0846584238683221
1.0205551748215853,0.8586628583595696
1.0687308785481504,1.0846584238683221
0.9684310159825301,1.0846584238683221
0.8493076402788433,0.8586628583595696
1.236693102129763,0.8586628583595696
0.2615725723769262,0.8586628583595696
0.037976836620622074,0.8586628583595696
0.2375582663179319,1.0846584238683221
0.44462570690937536,1.0846584238683221
0.6005980061382663,1.0846584238683221
1.6777451392360887,0.8205793406925492
1.5163767942134778,1.1526265389280552
2.13883989116879,1.0846584238683221
1.7765585585737662,1.1526265389280552
1.3042432155009138,1.1526265389280552
1.4963865558694793,1.0846584238683221
1.4757478735719078,1.8611717096382958
0.9116529255454839,0.8586628583595696
1.7219848222690335,1.0846584238683221
1.1668175090155992,0.8586628583595696
0.9527190180261035,1.6816273897556309
1.0133652272853102,1.2710321590265155
0.42670047685477747,0.3072242200990098
0.5116669809197778,0.4366162288992095
0.885677744015701,0.4366162288992095
0.7143002322308145,0.6579719162393647
0.8398807480563824,0.03594730720138593
0.07061494381345246,0.377697634502169
0.3286138463873287,0.377697634502169
0.6662545057463939,0.03594730720138593
0.15954596903194065,0.03594730720138593
0.1312611530726592,0.03594730720138593
-0.4374783673032757,0.03594730720138593
0.3892600556465355,0.558344083113627
1.2000234909330532,1.2956954880727707
-0.15633860230337795,0.03594730720138593
-0.512424135344703,0.377697634502169
-0.032796433933807975,0.3274746003829139
0.18662680433549908,0.2578582819142125
-1.1365293069834776,0.3274746003829139
-0.37043709329287333,0.3274746003829139
0.0035736698030499657,0.377697634502169
0.44462570690937536,0.377697634502169
0.8493076402788433,0.377697634502169
0.4620597724573725,0.03594730720138593
0.7905301653634194,0.03594730720138593
0.3286138463873287,0.377697634502169
0.3070421674611508,0.03594730720138593
-1.1365293069834776,0.03594730720138593
1.641075528039379,1.2184872955528854
1.6674819556627318,0.3014963791442423
1.0818510049505983,1.313527214304477
0.9366092059981338,1.2368249926321733
0.07061494381345246,0.5128176988374489
-0.30979088403366645,0.1117182452540427
0.5116669809197778,0.3014963791442423
0.18662680433549908,0.1117182452540427
0.0035736698030499657,0.3014963791442423
0.9684310159825301,0.5032939353177825
0.6276788414418247,0.38816094505171345
-0.25442523277082657,0.1117182452540427
1.0276647860675305,0.3014963791442423
0.8303120927528611,1.0351524194113404
0.5723131901789849,1.0351524194113404
0.7026246094832519,0.1117182452540427
-0.15633860230337795,0.1117182452540427
-0.11243819071899695,0.1117182452540427
0.8303120927528611,0.3014963791442423
1.934044965802531,0.3014963791442423
0.5116669809197778,0.1117182452540427
0.7257654719092732,0.3014963791442423
0.8303120927528611,0.1117182452540427
0.2615725723769262,0.416289135977863
0.2615725723769262,0.416289135977863
2.3163195279934325,1.3335992934343208
1.1196623405305832,1.4176495092242982
1.241763277057026,1.215883247694871
0.5723131901789849,1.215883247694871
0.7026246094832519,0.5519259292731962
0.6536540229716075,0.5519259292731962
1.3611329479395988,0.5519259292731962
1.2809327851627077,0.5519259292731962
0.10166030027049844,0.2606848312210422
-0.512424135344703,0.5519259292731962
0.9837643744831498,0.4784829858292504
-0.9534761724510284,-0.32481480275882857
-0.9534761724510284,-0.6656588635900443
0.1312611530726592,-0.6656588635900443
-1.8355802466636797,-0.6656588635900443
1.3694507603266355,0.733747205774423
0.9837643744831498,0.08109216245220473
0.9031118095636982,0.08109216245220473
0.18662680433549908,0.08109216245220473
-0.032796433933807975,-0.28270236167537116
0.3286138463873287,-0.28270236167537116
-0.07137209823837745,-0.28270236167537116
-0.9534761724510284,0.08109216245220473
0.2615725723769262,-0.28270236167537116
1.1073065428527196,1.2362368833061033
1.1135144319629988,0.6302252144420275
0.9684310159825301,1.0854068603636002
0.6786103034242575,0.6302252144420275
1.393771055132429,1.0854068603636002
1.2616493825824124,1.0854068603636002
1.0133652272853102,0.7001159999401534
1.189146241673802,0.7001159999401534
0.6276788414418247,0.23981287114755515
1.1780798134071497,0.7001159999401534
1.8063574825329216,0.7001159999401534
1.2809327851627077,0.7908433371450083
0.6005980061382663,0.8509991232432478
1.0687308785481504,0.895846118802119
0.5116669809197778,0.8650468079251713
-0.15633860230337795,0.2777512573427911
0.2375582663179319,0.5950208510066101
0.0035736698030499657,0.2777512573427911
1.7219848222690335,0.445564143929997
1.0687308785481504,0.14775488810088747
0.18662680433549908,0.14775488810088747
0.3070421674611508,0.41286632550785624
0.5273789788762044,0.41286632550785624
0.3696799388679482,0.3573059582928802
-0.07137209823837745,0.4784829858292504
1.724354670768955,0.7703131754018092
-0.6954772698771521,-0.21543354936433073
-0.07137209823837745,-0.21543354936433073
0.8944544843611152,1.2355932985567417
0.6907307382044098,0.5238774102909344
1.0485290679372956,-0.21543354936433073
0.44462570690937536,0.37039056067360154
0.7905301653634194,0.37039056067360154
-0.512424135344703,0.37039056067360154
-0.9534761724510284,0.37039056067360154
-1.3945282095573541,-0.21543354936433073
0.6005980061382663,0.6929059009370728
2.4638800677530686,1.3257081832636828
2.2066206232365064,1.2488347521225263
0.5723131901789849,1.3961163617857648
1.635660145678336,0.8356898571523053
0.8585969087121429,0.2606848312210422
1.641075528039379,0.3586397952760256
1.1495412372902845,0.2606848312210422
1.3088045510674289,0.2606848312210422
0.4082556031725177,0.3586397952760256
1.7588823222952696,0.3586397952760256
0.3696799388679482,0.3586397952760256
-0.5973906394097035,0.2606848312210422
1.0620679528851027,0.2606848312210422
0.2375582663179319,0.3586397952760256
0.28471343480294753,0.3586397952760256
0.1312611530726592,0.2606848312210422
1.9220226780577219,0.2606848312210422
0.7257654719092732,0.4013230376345504
0.6536540229716075,0.4013230376345504
0.18662680433549908,0.4013230376345504
-0.30979088403366645,0.18942606249190175
-0.07137209823837745,0.29764882391920783
0.07061494381345246,0.5097475916920191
0.5723131901789849,0.5097475916920191
-0.4374783673032757,0.29764882391920783
1.3776612431044595,0.1117182452540427
0.0035736698030499657,0.4013230376345504
-0.512424135344703,0.1117182452540427
0.18662680433549908,0.4013230376345504
-1.3945282095573541,0.1117182452540427
-0.25442523277082657,0.4013230376345504
-1.3945282095573541,0.4013230376345504
-0.9534761724510284,0.23981287114755515
0.2375582663179319,0.27809401871649625
-0.25442523277082657,0.23981287114755515
-0.8114891303991989,0.23981287114755515
1.3355065214674406,0.3415032087242693
0.6536540229716075,0.7496830604693221
0.3696799388679482,0.7496830604693221
0.07061494381345246,0.3415032087242693
0.885677744015701,0.7496830604693221
0.8303120927528611,0.27809401871649625
0.7589714538267276,0.23981287114755515
1.3611329479395988,0.27809401871649625
0.2375582663179319,0.27809401871649625
-0.8114891303991989,0.23981287114755515
0.6662545057463939,0.23981287114755515
-0.15633860230337795,0.37039056067360154
0.2375582663179319,0.37039056067360154
1.0416500432445919,0.23981287114755515
0.9031118095636982,0.23981287114755515
1.4471451442476784,0.37039056067360154
0.5427123373768241,0.37039056067360154
0.037976836620622074,0.23981287114755515
0.9684310159825301,0.37039056067360154
1.0620679528851027,1.1966449871155445
1.6878454082372927,0.8205793406925492
-0.25442523277082657,-0.7258680131180326
-0.8114891303991989,-1.2620438789087554
-0.4374783673032757,-1.2620438789087554
0.07061494381345246,-0.7258680131180326
0.8303120927528611,-0.7258680131180326
-0.6954772698771521,-0.7258680131180326
-0.37043709329287333,-1.2620438789087554
-0.6954772698771521,-0.7258680131180326
-1.3945282095573541,-0.7258680131180326
-1.3945282095573541,-1.2620438789087554
0.4082556031725177,0.30453607094383955
-0.37043709329287333,-0.3604268890258181
-1.3945282095573541,-1.2620438789087554
-0.9534761724510284,-0.7258680131180326
-1.3945282095573541,-1.2620438789087554
-1.3945282095573541,-0.7258680131180326
-1.3945282095573541,-0.7258680131180326
-1.3945282095573541,-0.6373813028098106
0.7696658834936544,0.3564516818039936
-1.3945282095573541,0.3564516818039936
-1.8355802466636797,-0.0554858040619805
1.0687308785481504,1.2722029823291134
0.4082556031725177,0.27134132203730316
0.15954596903194065,-0.018908000647918737
-0.4374783673032757,-0.018908000647918737
-0.9534761724510284,-0.272541701727347
-0.07137209823837745,-0.044748008712867327
-1.8355802466636797,-1.1291392211900868
-0.6954772698771521,-0.6720697605972709
-0.15633860230337795,-0.6720697605972709
-0.512424135344703,-1.1291392211900868
0.18662680433549908,-0.3285021854066927
0.3286138463873287,-0.3285021854066927
0.07061494381345246,-0.3285021854066927
-1.1365293069834776,-1.1291392211900868
-0.9534761724510284,-1.1291392211900868
-0.9534761724510284,-1.1291392211900868
0.07061494381345246,-0.3285021854066927
-1.1365293069834776,-1.1291392211900868
-0.8114891303991989,-1.2840143324262723
-0.25442523277082657,-0.3285021854066927
0.8107319759742738,0.7488819105589176
-0.15633860230337795,-0.47060357776595085
-0.07137209823837745,-0.47060357776595085
-0.6954772698771521,-0.9676613936701385
0.2375582663179319,-0.9676613936701385
-0.9534761724510284,-0.7669258892455347
0.44462570690937536,0.4998528335055692
0.47902887372694747,0.4998528335055692
0.7480942045674764,0.2771405165306557
1.6021627492439001,0.4998528335055692
0.3286138463873287,0.2771405165306557
0.9527190180261035,0.4998528335055692
1.1135144319629988,1.2488347521225263
1.8466433130068707,1.2488347521225263
1.1196623405305832,1.4633121106377036
-1.3945282095573541,0.02193763379931359
0.3286138463873287,0.39171266220222906
0.28471343480294753,0.39171266220222906
0.8493076402788433,0.48302748457455047
0.28471343480294753,0.02193763379931359
-0.512424135344703,0.36808048099216384
0.5427123373768241,0.36808048099216384
1.1317827753107355,0.36808048099216384
0.9283987232203099,0.02193763379931359
-0.15633860230337795,0.39171266220222906
1.236693102129763,0.7154706574144033
0.6786103034242575,-0.3132168292575446
0.0035736698030499657,-0.3132168292575446
0.44462570690937536,0.3700943832000507
0.6276788414418247,0.38751167352902505
-0.30979088403366645,0.25360687052997305
2.1363688061730155,1.4654232567014391
1.3042432155009138,1.3978504958277462
1.641075528039379,1.3978504958277462
0.8944544843611152,1.2523886207973551
0.9987369143822623,0.22180040553336883
0.5273789788762044,0.02193763379931359
-0.15633860230337795,0.22180040553336883
0.6786103034242575,0.22180040553336883
0.1312611530726592,0.22180040553336883
-0.6954772698771521,0.02193763379931359
-0.512424135344703,0.02193763379931359
-0.6954772698771521,0.22180040553336883
0.7257654719092732,0.22180040553336883
0.28471343480294753,0.22180040553336883
-1.3945282095573541,0.02193763379931359
-0.512424135344703,0.02193763379931359
-1.3945282095573541,0.38751167352902505
0.7143002322308145,0.24758990636737976
0.9366092059981338,0.24758990636737976
1.1668175090155992,0.6193292674540678
1.0276647860675305,0.24758990636737976
0.9987369143822623,0.6193292674540678
0.18662680433549908,0.6193292674540678
1.2996489458184686,0.6193292674540678
1.0276647860675305,0.6193292674540678
0.5723131901789849,0.6193292674540678
0.18662680433549908,0.6193292674540678
0.586612748961205,0.24758990636737976
0.18662680433549908,0.6193292674540678
0.9031118095636982,0.7212902115189535
0.586612748961205,0.24758990636737976
1.4094830530888558,0.7212902115189535
0.9366092059981338,0.24758990636737976
0.885677744015701,0.7212902115189535
0.3286138463873287,0.7212902115189535
0.07061494381345246,0.24758990636737976
0.6536540229716075,0.24758990636737976
1.8387876133922427,0.7212902115189535
1.7219848222690335,0.24758990636737976
1.231582202469745,0.7212902115189535
1.3484487355000152,0.24758990636737976
1.1780798134071497,0.7212902115189535
0.7257654719092732,0.7212902115189535
0.885677744015701,0.44106726444521216
1.9237541174572432,1.2005484194175637
1.6570505157026725,0.828448174081293
0.6786103034242575,1.2005484194175637
-0.20349377078839376,0.20191720077170291
0.5723131901789849,0.44106726444521216
-0.37043709329287333,0.44106726444521216
0.6536540229716075,0.44106726444521216
0.7480942045674764,0.44106726444521216
0.3286138463873287,0.5628576285918477
0.0035736698030499657,0.20191720077170291
0.8007112399507004,0.20191720077170291
0.5116669809197778,0.5628576285918477
-0.512424135344703,0.26695487851271676
-0.20349377078839376,0.26695487851271676
-1.3945282095573541,0.4658947416415441
0.28471343480294753,0.4658947416415441
0.7257654719092732,0.4658947416415441
1.0205551748215853,0.26695487851271676
1.1010374912887282,0.26695487851271676
0.7696658834936544,0.4658947416415441
0.10166030027049844,0.26695487851271676
2.0138868495233866,0.4658947416415441
0.885677744015701,1.1106094035260754
0.28471343480294753,0.5795202308022026
-0.07137209823837745,0.5795202308022026
-1.8355802466636797,-0.7448874256835402
-1.3945282095573541,-0.7448874256835402
-1.3945282095573541,-0.19732777278777736
-1.8355802466636797,-0.7043026949035653
-1.3945282095573541,-0.19732777278777736
1.818713280210785,0.6975400426800895
1.0276647860675305,0.6975400426800895
1.2000234909330532,0.5795202308022026
1.0620679528851027,0.32564218161110864
0.8303120927528611,0.5795202308022026
1.401675549163454,0.8650468079251713
2.3200406122045742,1.384148777498703
2.255673318734226,0.06953553020182186
1.7498565881737538,0.4658947416415441
0.9837643744831498,-0.015450779291500896
1.2467933711309669,-0.015450779291500896
0.6786103034242575,0.4658947416415441
0.6536540229716075,-0.015450779291500896
0.5723131901789849,-0.015450779291500896
0.2375582663179319,-0.015450779291500896
1.1073065428527196,0.4658947416415441
0.44462570690937536,-0.015450779291500896
0.18662680433549908,0.4658947416415441
0.07061494381345246,-0.2170193636479065
-0.15633860230337795,-0.015450779291500896
-0.9534761724510284,-0.2170193636479065
-0.07137209823837745,0.19425935347533937
-0.25442523277082657,-0.015450779291500896
0.5723131901789849,0.19425935347533937
-0.07137209823837745,-0.015450779291500896
0.28471343480294753,-0.015450779291500896
0.7026246094832519,0.19425935347533937
-1.1365293069834776,-0.015450779291500896
-0.6954772698771521,-0.015450779291500896
-0.6954772698771521,-0.5247442292760597
-0.6954772698771521,-0.5247442292760597
-1.3945282095573541,-0.5247442292760597
0.4082556031725177,-0.20094875298244733
-1.3945282095573541,-1.0200858654458798
-1.1365293069834776,-1.0200858654458798
-1.8355802466636797,-1.0200858654458798
-0.9534761724510284,-0.8900632319761632
0.0035736698030499657,-0.14343980032229214
-0.20349377078839376,-0.4395242910119205
0.7480942045674764,-0.14343980032229214
-0.25442523277082657,-0.8273612194970751
-0.8114891303991989,-0.8273612194970751
-1.1365293069834776,-0.8273612194970751
0.07061494381345246,-0.1398400071961504
-0.5973906394097035,-0.8273612194970751
-0.07137209823837745,-0.1398400071961504
-0.25442523277082657,0.3360306921898472
1.1196623405305832,0.3042308651445487
1.0416500432445919,0.03312579785983241
0.8007112399507004,-0.263501804665683
1.189146241673802,0.03312579785983241
0.0035736698030499657,0.03312579785983241
-0.37043709329287333,-0.263501804665683
-0.6954772698771521,0.03312579785983241
1.6021627492439001,0.03312579785983241
1.3267297811220267,-0.263501804665683
-0.9534761724510284,0.03312579785983241
-0.15633860230337795,0.03312579785983241
1.5097829156544758,0.10303177613236712
-0.15633860230337795,0.42614483814987486
-0.5973906394097035,0.10303177613236712
0.3286138463873287,0.42614483814987486
1.0687308785481504,0.9049394144167945
-0.07137209823837745,0.42614483814987486
-0.07137209823837745,0.10303177613236712
0.6276788414418247,0.42614483814987486
0.8107319759742738,0.42614483814987486
-0.512424135344703,0.10303177613236712
0.9283987232203099,1.466484653641462
0.18662680433549908,0.10303177613236712
-0.5973906394097035,0.10303177613236712
0.3286138463873287,0.42614483814987486
-0.11243819071899695,0.10303177613236712
0.18662680433549908,0.42614483814987486
0.18662680433549908,0.10303177613236712
0.44462570690937536,0.42614483814987486
-0.37043709329287333,0.42614483814987486
-0.8114891303991989,0.10303177613236712
0.5723131901789849,0.35098224739975437
0.07061494381345246,0.285366468121456
-0.4374783673032757,0.17263690302977847
-0.37043709329287333,-0.4208690150357648
0.2375582663179319,-0.4208690150357648
0.6536540229716075,0.40526469456127423
-0.07137209823837745,-0.4208690150357648
-0.07137209823837745,-0.8273612194970751
-1.3945282095573541,-0.4208690150357648
-1.3945282095573541,-1.0028012156068682
-0.512424135344703,-1.1649672825872606
0.6005980061382663,-0.1398400071961504
0.42670047685477747,-0.38330586776083814
-0.25442523277082657,-0.38330586776083814
-0.07137209823837745,-0.1398400071961504
-0.30979088403366645,-0.38330586776083814
0.28471343480294753,-0.38330586776083814
-0.25442523277082657,-0.38330586776083814
0.0035736698030499657,-0.1398400071961504
-0.15633860230337795,-0.38330586776083814
-0.6954772698771521,-0.1398400071961504
-1.3945282095573541,-0.38330586776083814
-0.512424135344703,-0.1398400071961504
-0.512424135344703,-0.1398400071961504
0.4082556031725177,-0.1398400071961504
0.07061494381345246,0.2962893394959461
0.28471343480294753,0.5319535664648667
0.15954596903194065,0.2962893394959461
-0.30979088403366645,0.2962893394959461
1.0687308785481504,0.5319535664648667
-1.1365293069834776,-0.5543168087373908
-0.9534761724510284,-0.4733345673946045
-1.3945282095573541,-0.5543168087373908
-0.512424135344703,-0.4733345673946045
-0.032796433933807975,0.3274746003829139
0.2615725723769262,0.3274746003829139
0.0035736698030499657,-0.4733345673946045
0.3286138463873287,-0.4733345673946045
-0.11243819071899695,-0.5543168087373908
-0.8114891303991989,-0.5543168087373908
-1.3945282095573541,-0.7765968081215011
-1.3945282095573541,-0.927524041184588
0.9116529255454839,-0.6226275149409157
-1.3945282095573541,-0.6226275149409157
1.0276647860675305,0.7618943363077182
0.6005980061382663,0.7618943363077182
0.8493076402788433,-0.2336744655435506
0.1312611530726592,-0.013393213402492726
-0.032796433933807975,-0.2336744655435506
0.6786103034242575,-0.013393213402492726
0.6536540229716075,-0.2336744655435506
1.236693102129763,0.3301044993407537
1.094706060077933,0.3301044993407537
-0.9534761724510284,-0.2336744655435506
-0.8114891303991989,-0.5543168087373908
0.8493076402788433,-0.4733345673946045
0.6142824816568282,0.023167286148609915
0.7257654719092732,0.5796449052197196
0.6407989678442728,0.023167286148609915
0.28471343480294753,0.023167286148609915
0.5116669809197778,-0.1398400071961504
-0.8114891303991989,-0.38330586776083814
0.9200809108332731,-0.1398400071961504
0.1312611530726592,-0.1398400071961504
0.2375582663179319,-0.38330586776083814
-0.512424135344703,-0.1398400071961504
-0.15633860230337795,-0.1398400071961504
-0.512424135344703,-0.38330586776083814
0.21260198586528206,-0.38330586776083814
-0.9534761724510284,-0.1398400071961504
-1.1365293069834776,-0.38330586776083814
0.3696799388679482,0.5950208510066101
0.037976836620622074,0.38793861245834754
0.4082556031725177,0.5950208510066101
0.9366092059981338,0.5950208510066101
0.9366092059981338,0.34547953161037737
0.5427123373768241,0.7125153221236702
0.15954596903194065,0.34547953161037737
0.18662680433549908,0.38793861245834754
-0.07137209823837745,0.38793861245834754
0.3286138463873287,0.38793861245834754
-0.15633860230337795,0.38793861245834754
0.7696658834936544,0.5950208510066101
0.586612748961205,0.38793861245834754
0.47902887372694747,0.5950208510066101
1.424816411589475,0.5950208510066101
0.5576848772759366,0.08134395522615355
1.3088045510674289,0.08134395522615355
0.6276788414418247,0.5950208510066101
0.0035736698030499657,0.5950208510066101
0.5723131901789849,0.5950208510066101
-0.37043709329287333,0.5950208510066101
-0.07137209823837745,0.5950208510066101
-0.07137209823837745,0.08134395522615355
0.8677525139611029,0.5950208510066101
0.7589714538267276,0.08134395522615355
0.6005980061382663,0.445564143929997
-0.15633860230337795,0.445564143929997
0.8493076402788433,0.08134395522615355
2.247409519639247,0.3014963791442423
-1.8355802466636797,0.08134395522615355
-1.3945282095573541,0.08134395522615355
0.1312611530726592,0.08134395522615355
-1.8355802466636797,0.08134395522615355
-1.3945282095573541,0.3014963791442423
0.3892600556465355,0.628585893853678
-0.6954772698771521,0.08134395522615355
0.18662680433549908,0.3014963791442423
0.5427123373768241,0.3014963791442423
2.8123094492293736,1.2198357558583064
0.6276788414418247,0.6002564359917071
1.1073065428527196,0.6002564359917071
0.7905301653634194,0.6002564359917071
-1.3945282095573541,0.6002564359917071
-0.8114891303991989,0.06666681520844943
-0.25442523277082657,0.06666681520844943
0.5116669809197778,0.7245805550934088
1.5964043064434659,0.5547307708929398
-0.8114891303991989,0.06666681520844943
-0.37043709329287333,0.260662242914478
0.9366092059981338,0.260662242914478
0.7257654719092732,0.260662242914478
0.5723131901789849,0.06666681520844943
-0.512424135344703,0.260662242914478
-0.30979088403366645,0.06666681520844943
-0.9534761724510284,0.260662242914478
-0.15633860230337795,0.260662242914478
1.816670570312939,0.06666681520844943
0.9031118095636982,0.260662242914478
1.189146241673802,0.260662242914478
-0.9534761724510284,0.048978753394865286
0.0035736698030499657,0.3573059582928802
0.8303120927528611,0.3573059582928802
-1.1365293069834776,0.1117182452540427
-0.15633860230337795,0.3573059582928802
-0.9534761724510284,0.1117182452540427
-0.15633860230337795,0.3573059582928802
-0.4374783673032757,0.1117182452540427
0.7905301653634194,0.3573059582928802
0.6536540229716075,0.3573059582928802
1.2212355747173027,0.1117182452540427
0.6786103034242575,0.3573059582928802
0.10166030027049844,0.1117182452540427
0.3696799388679482,0.3573059582928802
0.3286138463873287,0.3573059582928802
-0.25442523277082657,0.3573059582928802
-1.1365293069834776,0.1117182452540427
0.1312611530726592,0.3573059582928802
-0.20349377078839376,0.1117182452540427
0.6536540229716075,0.3573059582928802
-0.25442523277082657,0.1117182452540427
1.0060931071413528,0.34932858546177514
0.7026246094832519,0.5005043194658133
-0.512424135344703,0.3573059582928802
0.5116669809197778,0.3573059582928802
-0.4374783673032757,0.1117182452540427
-0.9534761724510284,0.3573059582928802
-0.25442523277082657,-0.6057771865703717
1.0205551748215853,-0.6057771865703717
0.3070421674611508,-0.6057771865703717
0.9606235120571281,-0.6057771865703717
-1.8355802466636797,-0.6057771865703717
0.18662680433549908,-0.6057771865703717
0.9684310159825301,-0.29345727735922894
-0.37043709329287333,-0.6057771865703717
-0.6954772698771521,-0.4649871604959025
-0.512424135344703,-0.3313034109387724
-0.07137209823837745,-0.4649871604959025
-1.1365293069834776,-0.4649871604959025
0.3696799388679482,0.4787637929598488
-0.9534761724510284,-0.3313034109387724
0.6005980061382663,-0.3313034109387724
-0.512424135344703,-0.3313034109387724
-0.5973906394097035,-0.4649871604959025
-0.37043709329287333,-0.3313034109387724
-0.6954772698771521,-0.4649871604959025
0.18662680433549908,-0.2895597119355018
-0.15633860230337795,-0.389541556228538
0.8205973454760872,0.187693651632237
-0.9534761724510284,-0.4723731472655372
-0.6954772698771521,-0.21330455147286911
-1.3945282095573541,-0.21330455147286911
-0.07137209823837745,-0.21330455147286911
-0.6954772698771521,-0.21330455147286911
0.9447150937914688,0.187693651632237
1.0416500432445919,0.5591363617879265
0.8493076402788433,0.187693651632237
0.4082556031725177,-0.726839973004674
0.18662680433549908,-0.726839973004674
-0.25442523277082657,-1.089465086368292
-0.9534761724510284,-0.726839973004674
-1.1365293069834776,-1.089465086368292
0.9200809108332731,0.3242763631900547
0.1312611530726592,0.023852238482436373
-0.37043709329287333,0.023852238482436373
-1.1365293069834776,-0.4513349298426884
-0.9534761724510284,-0.4513349298426884
-0.9534761724510284,-0.7679161192359552
-1.8355802466636797,-1.3360942243626224
-1.8355802466636797,-1.3360942243626224
-0.512424135344703,-0.7679161192359552
-1.1365293069834776,-1.3360942243626224
-1.8355802466636797,-1.0815317201932735
-1.3945282095573541,-1.0815317201932735
0.2375582663179319,-0.5503604492890489
-1.3945282095573541,-1.0815317201932735
-1.1365293069834776,-1.0815317201932735
-1.3945282095573541,-1.0815317201932735
-0.6954772698771521,-0.5503604492890489
-0.25442523277082657,-0.34501027710344045
0.2615725723769262,-0.5992371277666428
-1.3945282095573541,-0.8772978406044432
-1.3945282095573541,-0.5537170304225486
-1.3945282095573541,-0.5537170304225486
-0.9534761724510284,-0.9908038813241817
-1.3945282095573541,-0.9908038813241817
-0.15633860230337795,0.30357510558330764
-1.3945282095573541,-0.9908038813241817
-1.3945282095573541,-0.2531904666439659
-1.8355802466636797,-0.4742436834696205
-1.8355802466636797,-0.4742436834696205
-0.37043709329287333,-0.2531904666439659
0.2375582663179319,-0.4742436834696205
-0.6954772698771521,-0.4742436834696205
0.1312611530726592,-0.2531904666439659
-0.5973906394097035,-0.4742436834696205
-0.37043709329287333,-0.2531904666439659
-0.4374783673032757,-0.4742436834696205
-0.6954772698771521,-0.4742436834696205
0.0035736698030499657,-0.2531904666439659
-0.25442523277082657,-0.4742436834696205
0.5723131901789849,-0.4742436834696205
-0.37043709329287333,-0.2531904666439659
-0.5973906394097035,-0.8860344956708223
1.0133652272853102,0.3151326123202912
0.28471343480294753,0.18294080889520192
-0.5973906394097035,-0.7621828975938598
0.6536540229716075,-0.19732777278777736
-0.37043709329287333,-0.2531904666439659
-0.07137209823837745,-0.2531904666439659
0.4082556031725177,-0.4742436834696205
-0.37043709329287333,-0.2531904666439659
-0.8114891303991989,-0.4742436834696205
-0.37043709329287333,-0.2531904666439659
-0.8114891303991989,-0.4742436834696205
0.07061494381345246,-0.2531904666439659
-0.37043709329287333,-0.2531904666439659
-0.9534761724510284,-0.6238816060271072
-0.37043709329287333,-0.8860344956708223
-1.8355802466636797,-0.8860344956708223
0.0035736698030499657,-0.6238816060271072
-0.37043709329287333,-0.8860344956708223
-0.15633860230337795,-0.6238816060271072
-0.512424135344703,-0.8860344956708223
-0.6954772698771521,-0.6238816060271072
-0.07137209823837745,-0.5537760214939076
-0.9534761724510284,-0.7621828975938598
-1.1365293069834776,-0.7621828975938598
-1.3945282095573541,-0.5537760214939076
-0.9534761724510284,-0.7621828975938598
-0.6954772698771521,-0.5537760214939076
1.1836370852964215,0.13346498608344176
-0.8114891303991989,-0.7752114889760416
-1.3945282095573541,-0.7752114889760416
0.18662680433549908,-0.7752114889760416
-0.512424135344703,-0.19732777278777736
-0.9534761724510284,-0.7752114889760416
-0.6954772698771521,-0.19732777278777736
0.3286138463873287,-0.19732777278777736
-0.15633860230337795,-0.19732777278777736
-0.25442523277082657,-0.19732777278777736
-0.37043709329287333,-0.19732777278777736
-0.4374783673032757,-0.7752114889760416
-0.512424135344703,-0.19732777278777736
-0.25442523277082657,-0.7752114889760416
-1.3945282095573541,-0.19732777278777736
-0.37043709329287333,-0.19732777278777736
-0.25442523277082657,-0.42134647140671455
-0.25442523277082657,0.09555981363676595
-0.512424135344703,-0.42134647140671455
-0.6954772698771521,-0.5816586302418855
-0.9534761724510284,-0.5816586302418855
-0.9534761724510284,-0.7752114889760416
-1.1365293069834776,-0.5604697291003181
-1.3945282095573541,-0.21841023139849625
-1.3945282095573541,-0.21841023139849625
-0.9534761724510284,-0.21841023139849625
-1.8355802466636797,-0.515136134128369
-0.15633860230337795,-0.515136134128369
0.1312611530726592,-0.515136134128369
0.8303120927528611,-0.26768266405551666
0.5576848772759366,-0.515136134128369
-0.4374783673032757,-0.515136134128369
-0.30979088403366645,-0.515136134128369
-0.4374783673032757,-0.515136134128369
-1.1365293069834776,-0.515136134128369
0.0035736698030499657,-0.26768266405551666
-1.1365293069834776,-0.515136134128369
1.1010374912887282,0.32564218161110864
-1.3945282095573541,-1.1953781009673834
-1.3945282095573541,-0.33257136496060347
-0.07137209823837745,-0.758817043882174
-1.1365293069834776,-0.758817043882174
-0.6954772698771521,-0.758817043882174
-1.3945282095573541,-1.1953781009673834
-0.6954772698771521,-0.21109463332079173
2.848489341893383,1.6816273897556309
0.4082556031725177,0.7764104012875269
-0.25442523277082657,0.7764104012875269
-0.512424135344703,-0.5167286572098977
-0.9534761724510284,-1.0858696286585905
-1.3945282095573541,-1.0858696286585905
-0.6954772698771521,-1.0858696286585905
-1.3945282095573541,-1.2516931269614122
-0.9534761724510284,-1.10522562665579
-1.3945282095573541,-1.250578906796473
-1.3945282095573541,-0.9033272432051414
-1.8355802466636797,-1.2934139796665414
-1.3945282095573541,-1.1219772632553302
-1.3945282095573541,-1.1219772632553302
-1.8355802466636797,-1.2934139796665414
-1.3945282095573541,-0.9908038813241817
-1.3945282095573541,-0.9908038813241817
-1.3945282095573541,-0.9908038813241817
-1.8355802466636797,-1.10522562665579
-1.3945282095573541,-0.9033272432051414
-1.3945282095573541,-0.9033272432051414
-0.15633860230337795,-0.2544823455402749
-0.5973906394097035,-1.10522562665579
-0.07137209823837745,-0.9033272432051414
-0.512424135344703,-0.9033272432051414
-0.37043709329287333,-1.1219772632553302
-0.6954772698771521,-0.32844105855107114
-1.3945282095573541,-0.7355954537681135
-0.9534761724510284,-0.30076403753466346
-1.8355802466636797,-0.9160461743959053
-0.9534761724510284,-0.9160461743959053
-1.8355802466636797,-0.9160461743959053
-1.8355802466636797,-0.9160461743959053
1.6977878540624642,-0.2172871671769214
-0.6954772698771521,0.2846758626766922
-1.3945282095573541,0.2846758626766922
-0.37043709329287333,0.2846758626766922
-0.512424135344703,-0.6076499532127518
-1.8355802466636797,-0.7983144150517698
-0.9534761724510284,-0.6076499532127518
-1.3945282095573541,-0.6076499532127518
-1.3945282095573541,-0.9197340757787839
-0.512424135344703,-0.4101169558428061
-1.1365293069834776,-0.540421297839542
-0.15633860230337795,-1.0028940184704649
-1.3945282095573541,-1.0028940184704649
-1.3945282095573541,-1.1174974107163358
-1.8355802466636797,-1.1174974107163358
-0.6954772698771521,-0.7644815584157655
-1.1365293069834776,-1.1174974107163358
-1.1365293069834776,-1.1174974107163358
-1.8355802466636797,-1.1174974107163358
-1.1365293069834776,-1.1174974107163358
-0.8114891303991989,-1.1174974107163358
-0.6954772698771521,-0.7644815584157655
0.8303120927528611,-0.9197340757787839
-1.1365293069834776,-1.1174974107163358
0.5427123373768241,-0.9197340757787839
-1.3945282095573541,-1.1174974107163358
-0.37043709329287333,-0.9197340757787839
-0.512424135344703,-0.9197340757787839
-0.07137209823837745,-0.9197340757787839
-0.9534761724510284,-0.9197340757787839
-0.25442523277082657,-1.0028940184704649
-1.1365293069834776,-1.1174974107163358
-0.37043709329287333,-1.1174974107163358
-1.3945282095573541,-1.0028940184704649
-1.3945282095573541,-1.0028940184704649
1.0276647860675305,0.0730014180362968
0.8944544843611152,-0.3465341256368022
0.8944544843611152,0.6467595600666592
-0.07137209823837745,0.6966719106667479
-0.512424135344703,0.6467595600666592
0.3696799388679482,-0.04917065251595987
0.8493076402788433,0.03312579785983241
-0.512424135344703,0.03312579785983241
1.401675549163454,0.03312579785983241
0.1312611530726592,-0.04917065251595987
0.47902887372694747,0.03312579785983241
0.15954596903194065,-0.04917065251595987
0.21260198586528206,-0.04917065251595987
-1.3945282095573541,-0.04917065251595987
-0.8114891303991989,-0.04917065251595987
-0.15633860230337795,0.03312579785983241
-0.9534761724510284,0.03312579785983241
-1.3945282095573541,-0.04917065251595987
-0.9534761724510284,-0.04917065251595987
-0.25442523277082657,-0.04917065251595987
-1.3945282095573541,0.03312579785983241
-1.3945282095573541,-0.04917065251595987
-1.8355802466636797,-0.04917065251595987
-0.512424135344703,0.03312579785983241
-0.5973906394097035,-0.04917065251595987
-0.07137209823837745,0.03312579785983241
-1.3945282095573541,0.03312579785983241
-1.8355802466636797,-0.04917065251595987
0.28471343480294753,0.6939520969242782
1.1010374912887282,0.23220843412670247
0.44462570690937536,0.6939520969242782
-0.30979088403366645,0.23220843412670247
-1.8355802466636797,0.23220843412670247
0.0035736698030499657,0.17391596557348987
0.0035736698030499657,0.17391596557348987
-0.6954772698771521,0.17391596557348987
-0.8114891303991989,0.23220843412670247
-1.3945282095573541,0.17391596557348987
0.2375582663179319,0.17391596557348987
-0.512424135344703,0.17391596557348987
-0.512424135344703,0.17391596557348987
-1.8355802466636797,0.08293619207291389
-0.07137209823837745,0.17391596557348987
1.7743756967873543,0.08293619207291389
-0.20349377078839376,0.08293619207291389
0.9837643744831498,0.17391596557348987
1.4895811050436216,0.17391596557348987
0.4082556031725177,0.17391596557348987
0.3696799388679482,0.17391596557348987
0.8107319759742738,0.17391596557348987
-0.15633860230337795,0.17391596557348987
1.522903042056924,0.27419142690650505
0.7696658834936544,1.3744092822202747
1.0553345187631535,0.08293619207291389
-0.6954772698771521,0.17391596557348987
-0.11243819071899695,0.08293619207291389
0.3696799388679482,0.17391596557348987
0.3286138463873287,0.08293619207291389
0.7026246094832519,1.3143490158605546
-0.07137209823837745,-0.3076772367298571
-1.3945282095573541,-0.881664801237076
-0.8114891303991989,-0.16288510326638694
-0.37043709329287333,0.27289613112723105
-0.37043709329287333,-0.24536102078941074
-0.25442523277082657,-0.881664801237076
-1.3945282095573541,-1.0952594344681612
-1.3945282095573541,-1.0952594344681612
1.0553345187631535,-1.218548908694996
0.6786103034242575,-0.8702150534986592
-0.6954772698771521,-0.8702150534986592
-1.3945282095573541,-0.8702150534986592
-0.9534761724510284,-0.9908038813241817
-1.3945282095573541,-0.9908038813241817
-1.3945282095573541,-0.9908038813241817
-1.3945282095573541,-0.9908038813241817
-0.6954772698771521,-0.9908038813241817
-0.9534761724510284,0.34609655918430926
-0.25442523277082657,0.18225809310705543
-0.032796433933807975,0.18225809310705543
0.28471343480294753,0.34609655918430926
-0.512424135344703,-0.9908038813241817
-0.9534761724510284,-0.9908038813241817
1.231582202469745,-0.60093597915529
-0.30979088403366645,-0.60093597915529
0.037976836620622074,-0.6226275149409157
0.3286138463873287,-0.39073588371954904
0.0035736698030499657,-0.6226275149409157
0.4082556031725177,-0.39073588371954904
1.641075528039379,0.8290545293730883
0.0035736698030499657,-0.6226275149409157
-0.15633860230337795,-0.06389277115523934
1.8990744306132548,0.977596873555287
-0.20349377078839376,0.06369248339035549
-0.512424135344703,0.32080964169136034
1.0687308785481504,0.10799996336000994
-1.3945282095573541,-0.6226275149409157
-1.8355802466636797,-0.6226275149409157
-1.3945282095573541,-0.39073588371954904
-1.3945282095573541,-0.6226275149409157
-1.3945282095573541,-0.39073588371954904
-0.512424135344703,-0.36372896988903586
0.0035736698030499657,-0.60093597915529
-0.8114891303991989,-0.60093597915529
-1.3945282095573541,-0.36372896988903586
-1.8355802466636797,-0.60093597915529
0.07061494381345246,-0.36372896988903586
-0.07137209823837745,-0.36372896988903586
-0.512424135344703,-0.36372896988903586
-0.8114891303991989,-0.60093597915529
1.231582202469745,-0.5146524024213334
-1.8355802466636797,-0.6708489031964207
0.6142824816568282,0.06369248339035549
0.5427123373768241,0.06369248339035549
0.6276788414418247,0.06369248339035549
0.2615725723769262,0.06369248339035549
0.6276788414418247,0.32080964169136034
0.0035736698030499657,0.06369248339035549
0.7589714538267276,0.06369248339035549
1.3611329479395988,-0.052993708821562686
-0.20349377078839376,-0.26957987753913404
-0.8114891303991989,-0.26957987753913404
-0.11243819071899695,0.8446055517200796
0.1312611530726592,0.8478136014430422
-0.4374783673032757,0.6733845274827956
1.3776612431044595,0.7496830604693221
-1.3945282095573541,-0.6226275149409157
-1.3945282095573541,-0.6226275149409157
-1.3945282095573541,-0.7107038208639161
1.094706060077933,-0.24363344931153574
-1.3945282095573541,-1.1940289503114665
-1.3945282095573541,-0.20536553907594127
1.7895007726063408,0.24368091796629418
1.3776612431044595,0.24368091796629418
0.47902887372694747,-0.5466005772057253
-0.6954772698771521,-0.6319962087129805
-0.9534761724510284,-0.6319962087129805
-1.3945282095573541,-1.2075946528241408
-1.3945282095573541,-1.2675632146670262
-1.3945282095573541,-0.940866891519547
-1.3945282095573541,-0.940866891519547
-0.6954772698771521,-0.940866891519547
-1.3945282095573541,-1.1905702893069094
-0.37043709329287333,-1.1905702893069094
-1.3945282095573541,-1.1905702893069094
-1.3945282095573541,-1.1396071872549332
0.28471343480294753,0.2802676671129096
-0.9534761724510284,-0.5466005772057253
-1.8355802466636797,-0.927524041184588
-0.6954772698771521,-0.9790420579111657
-0.25442523277082657,-0.8273612194970751
-1.8355802466636797,-0.8273612194970751
-1.3945282095573541,-0.8172511867967445
0.07061494381345246,0.3427700554378233
-0.512424135344703,-0.3656690432971411
-0.9534761724510284,-0.3656690432971411
0.07061494381345246,-0.5364966311759478
-1.8355802466636797,0.023167286148609915
-0.9534761724510284,-0.2170193636479065
-1.3945282095573541,-0.8273612194970751
-1.8355802466636797,-0.8273612194970751
-1.8355802466636797,-0.8273612194970751
-1.3945282095573541,-0.8130789182120668
-0.512424135344703,1.2102258169349414
1.0687308785481504,-0.927524041184588
0.07061494381345246,1.4506969337489641
-0.15633860230337795,1.1422412412876672
-1.8355802466636797,0.38751167352902505
1.3857671308977944,0.9258889075138247
-0.15633860230337795,-0.7765968081215011
-0.8114891303991989,-0.927524041184588
-1.8355802466636797,-0.927524041184588
-0.6954772698771521,-0.7765968081215011
-1.3945282095573541,-0.7765968081215011
-0.9534761724510284,-0.7765968081215011
-1.3945282095573541,-0.7765968081215011
-0.6954772698771521,-0.2170193636479065
0.9987369143822623,-0.32844105855107114
1.0060931071413528,-0.4740877307695075
1.3088045510674289,0.5853521660010508
0.5273789788762044,0.4435760607483042
-0.25442523277082657,-0.32844105855107114
-1.1365293069834776,-0.4740877307695075
0.3696799388679482,-0.4740877307695075
-0.25442523277082657,-0.32844105855107114
-1.3945282095573541,-0.4740877307695075
-0.37043709329287333,-0.32844105855107114
0.15954596903194065,-0.4740877307695075
-0.6954772698771521,-0.32844105855107114
0.8677525139611029,-0.32844105855107114
0.4082556031725177,-0.32844105855107114
0.10166030027049844,-0.4740877307695075
-0.37043709329287333,0.18365193100383895
-1.3945282095573541,-0.8787859447763254
-0.9534761724510284,-0.69141864175429
0.18662680433549908,-0.4573812234425112
-1.3945282095573541,-0.8787859447763254
-0.15633860230337795,-0.40596240723939553
-0.37043709329287333,-0.4740877307695075
0.2375582663179319,-0.11094660527947911
0.2375582663179319,-0.11094660527947911
0.0035736698030499657,-0.4740877307695075
-0.6954772698771521,-0.4740877307695075
0.2375582663179319,-0.449310411479104
1.3042432155009138,-0.0554858040619805
-0.9534761724510284,-0.449310411479104
-0.9534761724510284,-0.4537214990915715
-1.1365293069834776,-0.8787859447763254
-1.3945282095573541,-0.5862989429386343
-1.8355802466636797,-0.8787859447763254
-1.3945282095573541,-0.5862989429386343
-1.3945282095573541,-0.5862989429386343
-0.9534761724510284,-1.0911511159433405
-1.8355802466636797,-1.1231289110993372
-1.3945282095573541,-1.0911511159433405
0.07061494381345246,-1.0911511159433405
-1.3945282095573541,-1.0692728449544893
-1.8355802466636797,-1.1231289110993372
-0.9534761724510284,-1.0692728449544893
0.28471343480294753,-0.8561834590613053
-0.07137209823837745,-0.5980176878757241
0.3286138463873287,-0.8561834590613053
-0.15633860230337795,-0.8561834590613053
0.1312611530726592,-0.8561834590613053
-0.15633860230337795,-1.0692728449544893
-1.3945282095573541,-1.0692728449544893
-1.3945282095573541,-1.0692728449544893
-1.3945282095573541,-1.0692728449544893
0.8493076402788433,-0.7621060229200068
0.5273789788762044,0.17218505287767982
-1.3945282095573541,-1.1186016979599926
0.6276788414418247,-0.42381859329328725
0.0035736698030499657,-0.42381859329328725
2.4257666654279344,1.6612196266625159
-0.37043709329287333,-0.1518279544197088
-0.9534761724510284,-0.9292899714957801
-0.8114891303991989,-1.333418492858776
-0.9534761724510284,-0.9292899714957801
-0.25442523277082657,-0.9292899714957801
-0.07137209823837745,-0.9292899714957801
-1.3945282095573541,-0.9292899714957801
-1.3945282095573541,-0.9292899714957801
-1.3945282095573541,-0.9292899714957801
-1.3945282095573541,-1.06734032477299
-1.3945282095573541,-1.06734032477299
-1.3945282095573541,-1.06734032477299
-0.6954772698771521,-1.06734032477299
-1.3945282095573541,-1.06734032477299
-1.3945282095573541,-1.0304115743838467
0.07061494381345246,0.32250671978286705
-0.11243819071899695,0.04282719134591507
-1.3945282095573541,-1.0844740634579726
-0.15633860230337795,0.27419142690650505
-0.6954772698771521,-1.0150128907428075
-0.9534761724510284,-0.8496127700126702
-0.37043709329287333,0.30047731313110815
-0.15633860230337795,-0.37436977955680595
-0.37043709329287333,-0.31390693101099737
-0.6954772698771521,-0.31390693101099737
-1.3945282095573541,-0.47725731619977646
-1.3945282095573541,-0.47725731619977646
-0.9534761724510284,-0.47725731619977646
-0.6954772698771521,-0.47725731619977646
1.215998478596347,0.04282719134591507
0.2375582663179319,0.04282719134591507
-0.37043709329287333,-0.3889026575364026
-0.9534761724510284,-0.3889026575364026
-1.3945282095573541,-0.3889026575364026
-1.3945282095573541,-0.3889026575364026
-0.6954772698771521,-0.3589140172765818
-0.6954772698771521,-0.3589140172765818
-0.15633860230337795,-0.3589140172765818
-0.15633860230337795,-0.3589140172765818
-1.1365293069834776,0.12900233359872332
0.1312611530726592,0.11487910917682813
0.21260198586528206,0.12900233359872332
0.5116669809197778,0.11487910917682813
0.2375582663179319,0.12900233359872332
0.7143002322308145,0.27958701718192897
0.18662680433549908,0.48491228447096146
-1.3945282095573541,0.04282719134591507
0.9366092059981338,0.26949536250697514
-0.07137209823837745,0.26949536250697514
-0.9534761724510284,0.26949536250697514
0.7257654719092732,0.26949536250697514
0.4955571688918082,0.04282719134591507
0.4082556031725177,0.26949536250697514
-0.15633860230337795,0.24011645344184976
-0.07137209823837745,0.24011645344184976
0.3070421674611508,0.15301755019602908
-0.6954772698771521,0.15301755019602908
0.037976836620622074,0.04282719134591507
-1.3945282095573541,0.26949536250697514
-0.25442523277082657,0.04282719134591507
0.8303120927528611,0.04282719134591507
0.3286138463873287,0.26949536250697514
0.47902887372694747,0.04282719134591507
0.7696658834936544,0.26949536250697514
-0.30979088403366645,0.04282719134591507
0.8677525139611029,0.26949536250697514
0.8303120927528611,0.04282719134591507
0.7801835376109771,0.15301755019602908
0.8303120927528611,0.24011645344184976
-1.1365293069834776,-1.0940200519490029
-1.1365293069834776,-1.0940200519490029
-0.9534761724510284,-1.1396071872549332
-0.9534761724510284,-1.1649672825872606
-1.3945282095573541,-1.1649672825872606
-0.9534761724510284,-1.1009669780306721
-0.9534761724510284,-1.1009669780306721
-0.9534761724510284,-1.1009669780306721
-0.9534761724510284,-1.1009669780306721
-1.3945282095573541,-0.9503008874898005
-1.3945282095573541,-1.1649672825872606
-0.15633860230337795,-0.2963472055798584
0.28471343480294753,-0.11883182849206428
-0.11243819071899695,-0.2963472055798584
-0.25442523277082657,-0.2963472055798584
0.0035736698030499657,0.4013230376345504
0.21260198586528206,-0.2963472055798584
-0.07137209823837745,-0.11883182849206428
-0.9534761724510284,-0.2963472055798584
-0.8114891303991989,-0.2963472055798584
-0.8114891303991989,-0.2963472055798584
-0.5973906394097035,-0.2963472055798584
0.7257654719092732,-0.11883182849206428
-0.37043709329287333,-0.11883182849206428
0.8493076402788433,0.004662067067154535
1.0818510049505983,0.004662067067154535
1.2616493825824124,-0.2963472055798584
0.9837643744831498,0.004662067067154535
0.7589714538267276,-0.2963472055798584
-0.9534761724510284,0.004662067067154535
-1.3945282095573541,-0.3816268130311828
1.1257514165349793,-0.2191487326180366
-0.512424135344703,-0.3816268130311828
0.5116669809197778,-0.3816268130311828
0.1312611530726592,-0.3816268130311828
0.10166030027049844,-0.3816268130311828
0.2375582663179319,-0.3816268130311828
-0.9534761724510284,0.004662067067154535
-1.1365293069834776,-0.3816268130311828
-1.1365293069834776,-0.3816268130311828
-0.15633860230337795,-0.40031870061450947
-0.6954772698771521,0.30290952128436194
0.18662680433549908,-0.8932596136916097
-0.37043709329287333,-0.8932596136916097
-1.3945282095573541,-0.8932596136916097
1.2212355747173027,1.0192134626292662
1.0416500432445919,0.2471977224476273
-0.5973906394097035,-0.19731072256637838
0.07061494381345246,0.30290952128436194
0.0035736698030499657,0.30290952128436194
1.2212355747173027,0.377697634502169
-0.512424135344703,0.16815126713052234
0.2615725723769262,0.16815126713052234
0.44462570690937536,0.16815126713052234
0.4955571688918082,0.2802676671129096
0.9283987232203099,0.2802676671129096
-0.11243819071899695,0.2802676671129096
0.6786103034242575,0.377697634502169
0.9200809108332731,0.377697634502169
0.9031118095636982,0.377697634502169
0.8007112399507004,0.2802676671129096
0.5723131901789849,0.2802676671129096
0.6276788414418247,0.4073070220603611
0.3696799388679482,0.2471977224476273
-0.37043709329287333,0.2471977224476273
0.885677744015701,0.43915384238680455
0.5427123373768241,0.25380991100618866
0.3696799388679482,0.43915384238680455
-0.4374783673032757,0.25380991100618866
0.07061494381345246,0.25380991100618866
-0.07137209823837745,0.25380991100618866
0.0035736698030499657,0.43915384238680455
-1.3945282095573541,-1.2678248742062421
-1.3945282095573541,-1.2678248742062421
-1.3945282095573541,-1.2678248742062421
0.0035736698030499657,0.35098224739975437
-0.5973906394097035,0.17218505287767982
0.6276788414418247,0.8421285624430099
1.0553345187631535,0.9478211391985512
0.9987369143822623,0.6174939743624392
-0.6954772698771521,0.035887806657992787
-0.9534761724510284,-0.33039074969372095
-1.8355802466636797,-0.4395242910119205
-1.3945282095573541,-0.33039074969372095
-0.9534761724510284,-0.4395242910119205
1.2996489458184686,0.6132461469156362
0.4082556031725177,0.3168919228897397
0.3286138463873287,0.3168919228897397
1.4094830530888558,0.6132461469156362
1.1780798134071497,0.3168919228897397
0.8303120927528611,0.6132461469156362
0.6786103034242575,0.6132461469156362
0.2615725723769262,0.3168919228897397
0.8205973454760872,0.3168919228897397
-0.512424135344703,0.3168919228897397
1.7588823222952696,0.6132461469156362
0.7257654719092732,0.27809401871649625
0.2375582663179319,0.27809401871649625
-0.25442523277082657,0.3168919228897397
-0.07137209823837745,0.3168919228897397
-1.3945282095573541,0.3168919228897397
-1.3945282095573541,0.3168919228897397
-0.30979088403366645,0.3168919228897397
1.0687308785481504,0.27809401871649625
0.1312611530726592,0.27809401871649625
0.9987369143822623,0.3168919228897397
0.8493076402788433,0.27809401871649625
0.15954596903194065,0.3168919228897397
0.3286138463873287,0.27809401871649625
-0.15633860230337795,0.27809401871649625
-0.25442523277082657,0.3168919228897397
-0.6954772698771521,0.27809401871649625
-0.9534761724510284,0.3168919228897397
-0.6954772698771521,0.27809401871649625
1.276166443874598,0.6078565450074465
1.3267297811220267,0.7212902115189535
1.1257514165349793,0.27929621172653063
1.5728348124170608,0.7212902115189535
1.189146241673802,0.7212902115189535
-0.25442523277082657,0.7212902115189535
-0.6954772698771521,0.7212902115189535
-0.6954772698771521,0.7212902115189535
-1.1365293069834776,0.27929621172653063
1.3857671308977944,0.27929621172653063
0.8107319759742738,0.7212902115189535
0.44462570690937536,0.7212902115189535
0.5427123373768241,0.7212902115189535
2.0685017000068373,0.7212902115189535
0.8677525139611029,0.7212902115189535
0.586612748961205,0.27929621172653063
1.7588823222952696,0.7212902115189535
0.8107319759742738,0.27929621172653063
1.0133652272853102,0.7212902115189535
-0.512424135344703,0.7212902115189535
1.1780798134071497,0.7212902115189535
0.1312611530726592,0.7212902115189535
1.1317827753107355,0.7212902115189535
-0.6954772698771521,0.7212902115189535
-0.8114891303991989,0.27929621172653063
0.8677525139611029,0.27929621172653063
0.5723131901789849,0.7212902115189535
-0.4374783673032757,-0.9997163760259312
-0.9534761724510284,-0.3804337881984751
-1.3945282095573541,-0.3804337881984751
-1.8355802466636797,-0.9997163760259312
-0.8114891303991989,-0.9997163760259312
-0.37043709329287333,-0.19732777278777736
-1.8355802466636797,-0.9997163760259312
-0.25442523277082657,-0.9997163760259312
0.0035736698030499657,-0.3656690432971411
-1.3945282095573541,-0.3656690432971411
-1.3945282095573541,-0.19732777278777736
-0.6954772698771521,-0.34297875425160207
-1.3945282095573541,-0.5953886348997418
-1.3945282095573541,-0.34297875425160207
0.47902887372694747,-0.5953886348997418
-0.9534761724510284,-0.5953886348997418
0.21260198586528206,-0.5953886348997418
-1.3945282095573541,-0.34297875425160207
-0.8114891303991989,-0.5953886348997418
-0.15633860230337795,-0.34297875425160207
-0.9534761724510284,-0.09479080371484379
-0.30979088403366645,-0.5953886348997418
-0.25442523277082657,-0.5953886348997418
-0.9534761724510284,-0.5953886348997418
-0.4374783673032757,-0.29145369924022874
-0.6954772698771521,-0.22666693132969562
0.21260198586528206,-0.22666693132969562
0.07061494381345246,-0.044280252757576646
-0.25442523277082657,-0.22666693132969562
-0.8114891303991989,-0.22666693132969562
-1.8355802466636797,-0.22666693132969562
-0.37043709329287333,-0.6408268531878087
0.037976836620622074,-1.008648120859768
-1.8355802466636797,-0.7983144150517698
-1.1365293069834776,-0.7983144150517698
-1.3945282095573541,-0.7676680876207204
-0.15633860230337795,-0.7676680876207204
-0.5973906394097035,-1.1073980834881185
-1.1365293069834776,-1.1073980834881185
-1.8355802466636797,-1.1073980834881185
0.5427123373768241,-1.1524575105698778
-1.3945282095573541,-1.1524575105698778
0.47902887372694747,-1.1494105311964922
-1.3945282095573541,-0.1706754496998304
-0.6954772698771521,-1.1576806600240317
-1.3945282095573541,-1.248980550168284
-0.512424135344703,-1.248980550168284
-1.3945282095573541,-0.5945086465373499
-0.25442523277082657,-1.0940200519490029
-0.9534761724510284,-0.5945086465373499
-1.3945282095573541,-0.5945086465373499
-0.15633860230337795,-0.5945086465373499
-0.6954772698771521,-0.5945086465373499
-0.5973906394097035,-1.0940200519490029
-0.15633860230337795,-0.5945086465373499
-0.25442523277082657,-0.5945086465373499
-0.37043709329287333,-0.06040378329659785
-0.30979088403366645,-0.3620031943804978
1.2107179205999798,-0.06040378329659785
0.8493076402788433,-0.06040378329659785
1.1196623405305832,-0.06040378329659785
0.07061494381345246,-0.3620031943804978
-0.9534761724510284,-0.3620031943804978
1.15535226933714,-0.08168622243174437
-0.25442523277082657,-0.06040378329659785
-1.3945282095573541,-0.3620031943804978
-0.6954772698771521,-0.06040378329659785
-0.15633860230337795,0.6975324370452849
0.7696658834936544,0.13458742848619784
-0.9534761724510284,-0.06040378329659785
-1.3945282095573541,-0.3620031943804978
-1.3945282095573541,-0.3620031943804978
-1.3945282095573541,-0.06040378329659785
-1.3945282095573541,-0.06040378329659785
0.44462570690937536,0.12397371465532166
-1.1365293069834776,-0.31367768817659114
-1.8355802466636797,-0.31367768817659114
-0.032796433933807975,-0.31367768817659114
-0.11243819071899695,-0.31367768817659114
0.0035736698030499657,0.12397371465532166
-0.30979088403366645,-0.31367768817659114
0.18662680433549908,-0.31367768817659114
-0.15633860230337795,-0.31367768817659114
-0.37043709329287333,0.12397371465532166
-0.6954772698771521,-0.31367768817659114
-0.512424135344703,0.12397371465532166
-1.1365293069834776,-0.31367768817659114
1.2713641298591865,0.43350665256268167
-0.15633860230337795,0.12397371465532166
0.18662680433549908,0.12397371465532166
1.1668175090155992,0.12397371465532166
1.2107179205999798,0.12397371465532166
-0.6954772698771521,0.12397371465532166
-0.512424135344703,0.09074050390274363
-0.37043709329287333,0.09074050390274363
-1.3945282095573541,-0.2720033258792076
0.47902887372694747,0.09074050390274363
0.1312611530726592,0.09074050390274363
0.18662680433549908,0.02507534348311848
-0.032796433933807975,-0.2720033258792076
-0.512424135344703,-0.2720033258792076
-0.37043709329287333,0.02507534348311848
0.7026246094832519,0.32903866145595834
1.0687308785481504,0.02507534348311848
-0.9534761724510284,-0.4509504366675263
-0.512424135344703,0.02507534348311848
-1.3945282095573541,-0.4509504366675263
0.28471343480294753,-0.10045112392597959
0.7905301653634194,-0.4509504366675263
0.5116669809197778,-0.4509504366675263
-1.8355802466636797,-0.4509504366675263
-0.6954772698771521,-0.10045112392597959
-0.8114891303991989,-0.4509504366675263
-0.07137209823837745,-0.10045112392597959
-0.37043709329287333,-0.4509504366675263
-0.37043709329287333,-0.10045112392597959
-0.6954772698771521,-0.10045112392597959
0.2375582663179319,-0.10045112392597959
-0.07137209823837745,-0.4509504366675263
-0.15633860230337795,-0.4509504366675263
-0.512424135344703,-0.10045112392597959
0.3286138463873287,-0.10045112392597959
-0.8114891303991989,-0.4509504366675263
-0.25442523277082657,-0.10045112392597959
-0.30979088403366645,-0.2720033258792076
0.1312611530726592,-0.2720033258792076
0.28471343480294753,0.11421508886968938
0.1312611530726592,0.11421508886968938
-0.9534761724510284,0.11421508886968938
0.3286138463873287,0.11421508886968938
0.07061494381345246,0.11421508886968938
-0.512424135344703,-0.4509504366675263
0.4082556031725177,0.11421508886968938
-0.15633860230337795,0.11421508886968938
-0.6954772698771521,-0.4509504366675263
0.1312611530726592,0.11421508886968938
-0.512424135344703,-0.4509504366675263
0.6536540229716075,0.11421508886968938
0.07061494381345246,0.049301366353751874
0.3696799388679482,0.049301366353751874
0.5116669809197778,-0.4509504366675263
-0.37043709329287333,0.049301366353751874
0.18662680433549908,0.049301366353751874
0.037976836620622074,-0.4509504366675263
0.9031118095636982,0.10524065825048641
-1.3945282095573541,0.049301366353751874
-0.37043709329287333,-0.5939710268237303
-1.3945282095573541,0.049301366353751874
-0.9534761724510284,-0.5939710268237303
0.6786103034242575,-0.25733923218507737
-1.1365293069834776,-0.5939710268237303
-1.1365293069834776,-0.5939710268237303
-1.3945282095573541,-0.25733923218507737
-1.3945282095573541,-0.5939710268237303
1.6674819556627318,0.5718244049135389
1.2713641298591865,0.2961140214172882
0.6786103034242575,0.5718244049135389
0.3494781282570937,0.2961140214172882
1.8771307530873518,0.5718244049135389
0.5116669809197778,0.2961140214172882
0.18662680433549908,0.5718244049135389
1.4210175729227217,0.2961140214172882
1.6021627492439001,0.5718244049135389
0.15954596903194065,0.2961140214172882
0.3070421674611508,0.2961140214172882
0.1312611530726592,0.5718244049135389
-0.25442523277082657,0.2961140214172882
1.4616072119279107,0.5718244049135389
0.44462570690937536,0.5718244049135389
1.0620679528851027,0.2961140214172882
0.5116669809197778,0.5718244049135389
0.3286138463873287,0.2961140214172882
-0.5973906394097035,0.2961140214172882
0.28471343480294753,0.5718244049135389
0.3070421674611508,0.2961140214172882
0.15954596903194065,0.2961140214172882
-0.25442523277082657,0.2961140214172882
0.3070421674611508,0.2961140214172882
0.47902887372694747,0.5718244049135389
0.44462570690937536,0.2961140214172882
-1.3945282095573541,0.2961140214172882
0.3070421674611508,0.3227923371503352
-0.15633860230337795,0.800136176139927
0.9366092059981338,0.3227923371503352
0.3070421674611508,0.3227923371503352
0.6536540229716075,0.800136176139927
0.5723131901789849,0.3227923371503352
-0.37043709329287333,0.800136176139927
-0.30979088403366645,0.3227923371503352
1.2996489458184686,0.3227923371503352
0.586612748961205,0.3227923371503352
0.21260198586528206,0.3227923371503352
-1.3945282095573541,0.4842975597547916
0.3286138463873287,0.800136176139927
0.6907307382044098,0.4842975597547916
0.7905301653634194,0.800136176139927
0.6536540229716075,0.800136176139927
1.1436766465895776,0.800136176139927
0.4082556031725177,0.4842975597547916
0.5427123373768241,0.800136176139927
0.07061494381345246,0.800136176139927
0.6536540229716075,0.4842975597547916
1.6021627492439001,0.800136176139927
0.07061494381345246,0.4842975597547916
0.07061494381345246,0.4842975597547916
-0.20349377078839376,0.4842975597547916
0.18662680433549908,0.4842975597547916
2.17479881325211,0.800136176139927
0.0035736698030499657,0.4842975597547916
2.0017664147432344,0.4842975597547916
0.6005980061382663,0.800136176139927
0.5116669809197778,0.4842975597547916
1.4544172643916362,0.4842975597547916
0.4955571688918082,0.4842975597547916
0.5427123373768241,0.800136176139927
1.241763277057026,0.4842975597547916
0.6276788414418247,0.7741893983043703
-0.4374783673032757,-0.1681803062928905
-0.15633860230337795,0.49871238807846574
1.4963865558694793,0.49871238807846574
0.7905301653634194,0.19282135553225935
1.393771055132429,0.49871238807846574
1.3133334213370302,0.19282135553225935
1.3776612431044595,0.49871238807846574
1.3653054454265958,0.19282135553225935
0.8398807480563824,0.19282135553225935
0.2375582663179319,0.19282135553225935
0.3494781282570937,0.19282135553225935
-0.9534761724510284,0.19282135553225935
1.1836370852964215,0.2730941796027604
0.885677744015701,0.6002564359917071
0.42670047685477747,0.2730941796027604
0.7480942045674764,0.6002564359917071
0.8107319759742738,0.2730941796027604
-0.20349377078839376,0.2730941796027604
0.6005980061382663,0.6002564359917071
-0.11243819071899695,0.2730941796027604
-0.30979088403366645,0.2730941796027604
1.2996489458184686,0.3573059582928802
0.9527190180261035,0.2730941796027604
-0.15633860230337795,0.3573059582928802
-0.07137209823837745,-0.4268550223052913
0.0035736698030499657,-0.4471392693759557
1.635660145678336,0.12582691537452148
1.2264299185564067,-0.4471392693759557
-0.25442523277082657,0.12582691537452148
-0.9534761724510284,-0.4471392693759557
-0.9534761724510284,0.12582691537452148
-1.3945282095573541,0.12582691537452148
-0.8114891303991989,-0.2019312289094519
-0.25442523277082657,0.17667681770411686
-0.25442523277082657,0.17667681770411686
0.885677744015701,-0.4471392693759557
0.1312611530726592,0.23340718660905435
0.5427123373768241,0.23340718660905435
0.4082556031725177,0.34949727023632954
-0.4374783673032757,0.18225809310705543
-0.9534761724510284,0.18225809310705543
0.28471343480294753,0.34949727023632954
0.037976836620622074,0.18225809310705543
0.7257654719092732,0.34949727023632954
0.1312611530726592,0.3586397952760256
0.037976836620622074,0.18225809310705543
1.6163349071674096,0.18225809310705543
0.7696658834936544,0.3586397952760256
1.2000234909330532,0.3586397952760256
0.7905301653634194,0.2729817794728979
1.646445210426494,0.3586397952760256
-1.3945282095573541,0.3586397952760256
-1.3945282095573541,0.18225809310705543
0.2375582663179319,0.3586397952760256
-0.032796433933807975,0.18225809310705543
0.07061494381345246,0.3586397952760256
1.424816411589475,0.3586397952760256
1.0620679528851027,0.18225809310705543
-0.512424135344703,0.3586397952760256
-0.9534761724510284,0.18225809310705543
-0.25442523277082657,0.18225809310705543
-0.9534761724510284,0.18225809310705543
-0.9534761724510284,0.3586397952760256
-0.8114891303991989,0.18225809310705543
0.44462570690937536,0.19672419849851674
-0.30979088403366645,0.18225809310705543
-0.20349377078839376,0.18225809310705543
1.3897816778846117,0.18225809310705543
0.4955571688918082,0.18225809310705543
0.28471343480294753,0.23981287114755515
-0.07137209823837745,0.23981287114755515
-0.15633860230337795,0.3573059582928802
0.1312611530726592,0.23981287114755515
0.0035736698030499657,0.3573059582928802
-0.25442523277082657,0.23981287114755515
0.8585969087121429,0.23981287114755515
0.0035736698030499657,0.3573059582928802
0.8107319759742738,0.4013230376345504
0.6786103034242575,0.2730498923858726
0.6536540229716075,0.4013230376345504
0.5116669809197778,0.2730498923858726
0.7696658834936544,0.4013230376345504
-0.512424135344703,0.4013230376345504
0.28471343480294753,0.4013230376345504
0.2375582663179319,0.4013230376345504
-0.512424135344703,0.2730498923858726
-0.15633860230337795,0.4013230376345504
0.3070421674611508,0.2730498923858726
0.885677744015701,0.4013230376345504
0.037976836620622074,0.2730498923858726
0.0035736698030499657,0.4013230376345504
-0.15633860230337795,0.2730498923858726
0.18662680433549908,0.4013230376345504
-0.25442523277082657,0.4013230376345504
0.28471343480294753,0.4013230376345504
-0.6954772698771521,0.2730498923858726
1.3355065214674406,0.4013230376345504
0.5576848772759366,0.2730498923858726
1.7873619350069396,0.2730498923858726
1.3398499075244745,0.2730498923858726
-0.37043709329287333,0.4013230376345504
-0.9534761724510284,0.2730498923858726
-0.6954772698771521,0.27809401871649625
-0.11243819071899695,-0.16288510326638694
-0.8114891303991989,-0.16288510326638694
-0.37043709329287333,0.27809401871649625
-0.5973906394097035,-0.16288510326638694
-0.4374783673032757,-0.16288510326638694
0.07061494381345246,0.27809401871649625
1.241763277057026,0.25924866942692054
-0.512424135344703,0.25924866942692054
0.28471343480294753,0.040714744320629145
-0.11243819071899695,-0.20954705264388968
-0.11243819071899695,-0.20954705264388968
0.15954596903194065,-0.20954705264388968
-0.6954772698771521,-0.20954705264388968
-1.3945282095573541,0.040714744320629145
2.5798919282751154,1.060369038688456
2.343711286140562,1.2997328709349454
-0.25442523277082657,-0.22211702580127357
-1.3945282095573541,-0.22211702580127357
-1.3945282095573541,-0.7086839734470507
-0.512424135344703,-0.7086839734470507
-0.9534761724510284,-0.5418768254945348
0.2375582663179319,-0.5418768254945348
-1.8355802466636797,-0.6887957782983114
-1.8355802466636797,-0.6887957782983114
-1.3945282095573541,-0.5418768254945348
-1.3945282095573541,-0.6887957782983114
-0.8114891303991989,-0.6887957782983114
-0.512424135344703,-0.6887957782983114
0.3696799388679482,-0.5418768254945348
-0.9534761724510284,-0.5418768254945348
-1.3945282095573541,-0.5418768254945348
-0.9534761724510284,-0.6887957782983114
-0.20349377078839376,-1.2332648863752405
-1.8355802466636797,-1.2332648863752405
-0.512424135344703,-0.9908038813241817
-1.3945282095573541,-0.9908038813241817
-0.6954772698771521,0.17941387796735522
-0.8114891303991989,0.14518050718406314
-0.6954772698771521,-0.24363344931153574
-0.5973906394097035,-0.24363344931153574
0.44462570690937536,-0.24363344931153574
1.0276647860675305,-0.0075581289410293654
0.8107319759742738,-0.0075581289410293654
0.3696799388679482,-0.24363344931153574
-1.3945282095573541,-0.24363344931153574
-0.37043709329287333,-0.0075581289410293654
1.0133652272853102,-0.0075581289410293654
-1.3945282095573541,-0.0075581289410293654
-0.07137209823837745,-0.0075581289410293654
-0.6954772698771521,-0.24363344931153574
-0.37043709329287333,0.12382974251039157
-1.1365293069834776,-0.024909685294301265
0.9200809108332731,0.12382974251039157
0.9447150937914688,-0.024909685294301265
0.1312611530726592,0.12382974251039157
-0.07137209823837745,-0.024909685294301265
0.28471343480294753,0.12382974251039157
0.9761438811650328,-0.024909685294301265
0.8303120927528611,0.06371324382072169
0.6005980061382663,0.06371324382072169
0.586612748961205,0.06371324382072169
1.2517840130805993,0.5524925848616955
0.7026246094832519,0.06371324382072169
0.5427123373768241,0.07673957104603439
-0.4374783673032757,-0.5992371277666428
0.7801835376109771,-0.5992371277666428
-1.3945282095573541,-0.5992371277666428
-0.37043709329287333,-0.36372896988903586
-0.6954772698771521,-0.36372896988903586
0.4082556031725177,-0.36372896988903586
0.07061494381345246,-0.36372896988903586
-0.15633860230337795,-0.5992371277666428
-0.30979088403366645,-0.5992371277666428
-0.37043709329287333,-0.36372896988903586
-0.9534761724510284,-0.36372896988903586
-0.5973906394097035,-0.5014131058090807
-1.8355802466636797,-0.5014131058090807
-1.1365293069834776,-0.5014131058090807
-0.25442523277082657,-0.36372896988903586
0.3286138463873287,-0.5203016114686465
0.07061494381345246,0.05820292115855621
-1.3945282095573541,-0.18433071280114988
1.3527049626518093,0.1061808749051095
-0.512424135344703,0.1061808749051095
-1.1365293069834776,-0.22572964960022507
-0.37043709329287333,-0.22572964960022507
-1.1365293069834776,-0.22572964960022507
0.8303120927528611,0.1061808749051095
-0.4374783673032757,-0.22572964960022507
0.8493076402788433,0.1061808749051095
0.5723131901789849,-0.22572964960022507
-0.07137209823837745,-0.22572964960022507
1.0687308785481504,0.1061808749051095
0.7257654719092732,-0.22572964960022507
0.1312611530726592,0.1061808749051095
-0.512424135344703,0.1061808749051095
-0.6954772698771521,-0.22572964960022507
-0.15633860230337795,0.1061808749051095
-0.37043709329287333,0.1210818828693333
-1.3945282095573541,0.1210818828693333
-1.8355802466636797,-0.6354777924122378
0.6005980061382663,-0.6354777924122378
-0.25442523277082657,0.1210818828693333
-1.1365293069834776,-0.6354777924122378
0.7480942045674764,0.1210818828693333
-0.11243819071899695,-0.3509115388519083
0.3494781282570937,-0.48485349874444844
-0.20349377078839376,-0.48485349874444844
-0.15633860230337795,-0.014630360727238244
-0.5973906394097035,-0.48485349874444844
0.2375582663179319,-0.014630360727238244
-0.15633860230337795,-0.014630360727238244
-0.9534761724510284,-0.014630360727238244
0.5273789788762044,-0.40031870061450947
-0.6954772698771521,-0.5027766922891747
-0.9534761724510284,-0.831514082460433
-0.15633860230337795,-0.5027766922891747
-0.37043709329287333,0.47227783145878605
-0.6954772698771521,-0.660086600192099
-1.3945282095573541,-0.660086600192099
-1.3945282095573541,-1.354303574340937
-1.3945282095573541,-1.354303574340937
-0.9534761724510284,-0.660086600192099
-1.8355802466636797,-1.354303574340937
-1.3945282095573541,-0.660086600192099
0.07061494381345246,-0.5501041480603888
-0.6954772698771521,-0.7391785482693968
-0.4374783673032757,-0.7391785482693968
-0.9534761724510284,-0.7391785482693968
0.18662680433549908,-0.47933167665874893
-0.37043709329287333,-0.5862989429386343
-0.512424135344703,-0.5862989429386343
-0.15633860230337795,-0.5862989429386343
-0.512424135344703,-0.9160461743959053
0.47902887372694747,-0.5862989429386343
-0.25442523277082657,-0.5862989429386343
-0.25442523277082657,-0.5862989429386343
-0.032796433933807975,-0.5480160226834984
0.5723131901789849,-0.30069062048012163
-0.6954772698771521,-0.5480160226834984
-0.25442523277082657,-0.5480160226834984
-0.25442523277082657,-0.18153973634902013
-0.25442523277082657,-1.0785618163869612
-0.30979088403366645,-1.0785618163869612
-0.37043709329287333,-0.33039074969372095
-0.9534761724510284,-0.5491638365352229
-0.9534761724510284,-1.0384847600115308
-1.3945282095573541,-1.1688313862049913
-1.3945282095573541,-1.175001714630618
-0.9534761724510284,-1.175001714630618
-1.3945282095573541,-1.2245962278334868
-1.3945282095573541,-1.1177710759849715
-0.9534761724510284,-1.1603871072496494
0.07061494381345246,-0.40713540983111374
-1.8355802466636797,-0.40713540983111374
-0.6954772698771521,-0.3867869414141811
-1.3945282095573541,0.021674214986877084
-1.8355802466636797,-0.3867869414141811
-0.9534761724510284,0.021674214986877084
-1.3945282095573541,-0.3867869414141811
0.7257654719092732,0.021674214986877084
0.07061494381345246,-0.3867869414141811
-0.07137209823837745,0.12325374069123997
0.9527190180261035,0.12325374069123997
-0.37043709329287333,-0.16288510326638694
-0.6954772698771521,0.12325374069123997
-0.9534761724510284,-0.16288510326638694
-0.9534761724510284,0.12325374069123997
-0.6954772698771521,0.12325374069123997
-0.6954772698771521,0.021674214986877084
-0.15633860230337795,0.021674214986877084
0.18662680433549908,0.021674214986877084
0.5427123373768241,-0.40713540983111374
-0.15633860230337795,-0.40713540983111374
-0.9534761724510284,0.021674214986877084
-0.9534761724510284,0.12325374069123997
-0.15633860230337795,0.12325374069123997
-0.5973906394097035,-0.40713540983111374
-0.512424135344703,-0.40713540983111374
-1.8355802466636797,-0.40713540983111374
0.037976836620622074,-0.848980179828744
-0.15633860230337795,-0.41512193690853705
-1.3945282095573541,-0.41512193690853705
-0.6954772698771521,-0.41512193690853705
-1.1365293069834776,-0.848980179828744
-1.3945282095573541,-0.848980179828744
-1.3945282095573541,-0.848980179828744
0.44462570690937536,-0.41512193690853705
0.4082556031725177,-0.41512193690853705
-0.37043709329287333,-0.41512193690853705
0.0035736698030499657,-0.41512193690853705
-1.1365293069834776,-0.848980179828744
-0.25442523277082657,-0.41512193690853705
-1.8355802466636797,-0.848980179828744
-1.3945282095573541,-0.7575648525261378
0.07061494381345246,-0.41512193690853705
-0.9534761724510284,-0.7292496810800907
-0.6954772698771521,-0.41512193690853705
-1.3945282095573541,-0.7292496810800907
0.8107319759742738,-0.41512193690853705
-0.07137209823837745,-0.41512193690853705
-0.6954772698771521,-0.7292496810800907
-0.9534761724510284,-0.7292496810800907
0.21260198586528206,-0.7292496810800907
-1.1365293069834776,-0.7292496810800907
-1.3945282095573541,-0.30443148851752766
-1.8355802466636797,-0.7292496810800907
-0.9534761724510284,-0.7292496810800907
-0.6954772698771521,-0.7292496810800907
-0.25442523277082657,-0.30443148851752766
-0.512424135344703,-0.30443148851752766
-0.15633860230337795,-0.7292496810800907
0.0035736698030499657,-0.30443148851752766
1.4895811050436216,-0.08067224897409045
0.28471343480294753,-0.08067224897409045
0.18662680433549908,-0.08067224897409045
-0.15633860230337795,-0.08067224897409045
-0.5973906394097035,0.22921697318891515
0.18662680433549908,-0.372588119797546
-1.3945282095573541,-0.372588119797546
-1.8355802466636797,-0.38051961582074734
-0.25442523277082657,-0.38051961582074734
-0.9534761724510284,-0.9652086935725701
-0.6954772698771521,-0.14188663954486824
-1.1365293069834776,-0.9652086935725701
-0.6954772698771521,0.250309338495552
0.3696799388679482,0.10303177613236712
-0.6954772698771521,0.250309338495552
-0.37043709329287333,0.250309338495552
-0.512424135344703,0.250309338495552
0.4082556031725177,0.250309338495552
-0.20349377078839376,0.10303177613236712
0.6907307382044098,0.10303177613236712
0.18662680433549908,0.250309338495552
0.1312611530726592,0.10303177613236712
0.9200809108332731,0.250309338495552
0.6536540229716075,0.10303177613236712
0.18662680433549908,0.250309338495552
-0.032796433933807975,0.10303177613236712
0.3070421674611508,0.10303177613236712
-0.37043709329287333,-0.5701559978852958
-0.512424135344703,-0.8787094052702961
-1.3945282095573541,-1.0167512579741562
-1.3945282095573541,-0.8333265879992243
-1.3945282095573541,-0.8333265879992243
0.0035736698030499657,-0.2575307212529941
-0.37043709329287333,0.06967067573154101
-1.3945282095573541,-0.7239719010046247
-0.6954772698771521,-0.7239719010046247
-0.6954772698771521,-0.7239719010046247
-0.6954772698771521,-0.9385207520935391
-0.6954772698771521,-0.9197340757787839
-0.9534761724510284,-1.1601174237905474
0.18662680433549908,-1.1601174237905474
-0.9534761724510284,-1.1601174237905474
-1.3945282095573541,-1.1601174237905474
-0.512424135344703,-0.26768266405551666
-0.25442523277082657,-0.6066072719664822
-1.8355802466636797,-0.6066072719664822
-0.9534761724510284,-0.26768266405551666
-0.15633860230337795,-0.26768266405551666
0.7257654719092732,-0.15964968490542053
0.44462570690937536,-0.15964968490542053
-0.15633860230337795,-0.343398638994697
0.5427123373768241,-0.15964968490542053
-0.4374783673032757,-0.2958785028801867
-0.9534761724510284,-0.2958785028801867
-0.11243819071899695,-0.2958785028801867
-1.3945282095573541,-0.9425123345653632
-0.512424135344703,-0.9425123345653632
-1.3945282095573541,-0.8442224627892094
-0.37043709329287333,-0.8442224627892094
-1.3945282095573541,-0.951706442371658
-1.3945282095573541,-1.1773356486504463
-1.3945282095573541,-1.1773356486504463
-1.8355802466636797,-0.5618534275575282
-0.9534761724510284,-0.24548273528654138
0.07061494381345246,-0.81605645052542
-1.3945282095573541,-1.2674641064908458
-0.9534761724510284,-1.0844740634579726
